,Rk,Gtm,Week,Date,Day,Unnamed: 5_level_1,Opp,Rslt,Pts,PtsO,OT,Cmp,Att,Cmp%,Yds,TD,Y/A,AY/A,Rate,Sk,Yds.1,Att,Yds,TD,Y/A,Ply,Tot,Y/P,FGA,FGM,XPA,XPM,Pnt,Yds,Pass,Rsh,Pen,1stD,3DConv,3DAtt,4DConv,4DAtt,Pen,Yds,FL,Int,TO,ToP,Team
0,1.0,1.0,1.0,2024-09-08,Sun,,ARI,W,34,28,,18,23,78.3,222,2,9.7,11.39,135.9,2,10,33,130,2,3.9,58,352,6.07,2,2,4,4,2,85,11,8,4,23,3,9,2,2,9,65,1,0,1,30:30,BUF
1,2.0,2.0,2.0,2024-09-12,Thu,@,MIA,W,31,10,,13,19,68.4,139,1,7.3,8.37,107.1,0,0,26,108,2,4.2,45,247,5.49,2,1,4,4,3,149,5,7,1,13,3,9,1,1,1,5,0,0,0,23:41,BUF
2,3.0,3.0,3.0,2024-09-23,Mon,,JAX,W,47,10,,24,31,77.4,266,4,8.6,11.16,141.9,0,0,29,122,2,4.2,60,388,6.47,2,2,6,5,1,49,15,9,1,25,6,11,2,2,6,47,0,0,0,31:40,BUF
3,4.0,4.0,4.0,2024-09-29,Sun,@,BAL,L,10,35,,17,31,54.8,155,0,5.0,5.0,68.6,3,27,23,81,1,3.5,57,236,4.14,2,1,1,1,6,289,6,5,1,12,3,13,1,1,4,38,1,0,1,28:57,BUF
4,5.0,5.0,5.0,2024-10-06,Sun,@,HOU,L,20,23,,9,30,30.0,126,1,4.2,4.87,55.7,1,5,28,150,1,5.4,59,276,4.68,2,2,2,2,8,401,5,9,2,16,3,14,1,1,4,25,0,0,0,26:50,BUF
5,6.0,6.0,6.0,2024-10-14,Mon,@,NYJ,W,23,20,,19,25,76.0,210,2,8.4,10.0,127.1,2,5,33,149,1,4.5,60,359,5.98,2,1,3,2,3,159,10,10,4,24,5,11,0,0,11,94,0,0,0,29:34,BUF
6,7.0,7.0,7.0,2024-10-20,Sun,,TEN,W,34,10,,21,33,63.6,315,2,9.5,10.76,115.1,1,8,20,74,2,3.7,54,389,7.2,2,2,4,4,5,197,14,3,1,18,3,10,0,0,5,40,0,0,0,27:14,BUF
7,8.0,8.0,8.0,2024-10-27,Sun,@,SEA,W,31,10,,24,34,70.6,281,2,8.3,8.12,102.7,1,2,34,164,2,4.8,69,445,6.45,1,1,4,4,3,147,12,14,3,29,8,15,1,1,13,85,0,1,1,38:03,BUF
8,9.0,9.0,9.0,2024-11-03,Sun,,MIA,W,30,27,,25,39,64.1,231,3,5.9,6.31,95.1,1,4,19,94,0,4.9,59,325,5.51,3,3,2,1,1,49,15,5,4,24,5,10,1,1,4,40,0,1,1,28:07,BUF
9,10.0,10.0,10.0,2024-11-10,Sun,@,IND,W,30,20,,22,37,59.5,280,0,7.6,5.14,60.6,2,0,31,135,2,4.4,70,415,5.93,3,3,3,3,2,109,11,9,1,21,7,14,2,3,8,54,0,2,2,32:08,BUF
10,11.0,11.0,11.0,2024-11-17,Sun,,KAN,W,30,21,,27,40,67.5,262,1,6.6,5.93,83.5,0,0,31,104,3,3.4,71,366,5.15,1,1,4,3,3,126,13,9,2,24,9,15,1,2,3,24,0,1,1,34:03,BUF
11,12.0,12.0,13.0,2024-12-01,Sun,,SFO,W,35,10,,14,18,77.8,152,2,8.4,10.67,138.9,0,0,38,220,3,5.8,56,372,6.64,1,0,5,5,3,140,7,12,1,20,6,12,1,1,5,35,0,0,0,33:27,BUF
12,13.0,13.0,14.0,2024-12-08,Sun,@,LAR,L,42,44,,22,37,59.5,342,3,9.2,10.86,117.2,0,0,17,103,3,6.1,54,445,8.24,0,0,6,6,3,101,14,6,5,25,5,9,0,0,7,59,0,0,0,21:30,BUF
13,14.0,14.0,15.0,2024-12-15,Sun,@,DET,W,48,42,,23,34,67.6,362,2,10.6,11.82,122.4,0,0,34,197,4,5.8,68,559,8.22,3,2,6,6,1,51,15,11,2,28,5,10,1,1,6,49,0,0,0,32:42,BUF
14,15.0,15.0,16.0,2024-12-22,Sun,,NWE,W,24,21,,16,29,55.2,152,1,5.2,4.38,67.0,1,2,28,172,1,6.1,58,324,5.59,1,1,3,3,4,171,11,8,0,19,4,11,1,1,13,78,0,1,1,29:03,BUF
15,16.0,16.0,17.0,2024-12-29,Sun,,NYJ,W,40,14,,17,28,60.7,251,3,9.0,11.11,125.7,0,0,34,97,2,2.9,62,348,5.61,1,1,5,5,3,137,10,7,6,23,8,14,0,1,7,60,0,0,0,31:17,BUF
16,17.0,17.0,18.0,2025-01-05,Sun,@,NWE,L,16,23,,18,32,56.3,129,1,4.0,4.66,76.2,0,0,33,130,1,3.9,65,259,3.98,1,1,2,1,4,163,7,8,1,16,6,15,1,4,6,35,0,0,0,28:46,BUF
17,,,,,,,,13-4,525,368,,329,520,63.3,3875,30,7.5,8.09,100.3,14,63,491,2230,32,4.5,1025,6105,5.96,29,24,64,59,55,2523,181,140,39,360,89,202,16,22,112,833,2,6,8,507:32,BUF
0,1.0,1.0,1.0,2024-09-08,Sun,,JAX,W,20,17,,23,37,62.2,319,1,8.6,9.16,98.8,3,19,25,81,1,3.2,65,400,6.15,3,2,2,2,4,198,11,5,2,18,8,16,0,2,9,103,0,0,0,33:10,MIA
1,2.0,2.0,2.0,2024-09-12,Thu,,BUF,L,10,31,,25,39,64.1,212,1,5.4,2.49,54.6,2,13,34,139,0,4.1,75,351,4.68,1,1,1,1,1,48,12,8,0,20,7,15,1,5,7,50,0,3,3,36:19,MIA
2,3.0,3.0,3.0,2024-09-22,Sun,@,SEA,L,3,24,,20,32,62.5,140,0,4.4,4.38,72.4,6,46,18,65,0,3.6,56,205,3.66,2,1,0,0,6,277,8,2,3,13,1,12,0,3,11,85,0,0,0,28:32,MIA
3,4.0,4.0,4.0,2024-09-30,Mon,,TEN,L,12,31,,14,22,63.6,78,0,3.5,3.55,69.9,2,18,30,106,1,3.5,54,184,3.41,2,2,0,0,5,238,4,6,3,13,2,12,1,3,10,98,1,0,1,25:08,MIA
4,5.0,5.0,5.0,2024-10-06,Sun,@,NWE,W,15,10,,18,31,58.1,179,0,5.8,4.32,61.1,3,15,41,193,1,4.7,75,372,4.96,4,3,0,0,3,88,10,10,4,24,2,11,0,1,6,54,1,1,2,34:20,MIA
5,6.0,6.0,7.0,2024-10-20,Sun,@,IND,L,10,16,,15,26,57.7,149,1,5.7,6.5,86.9,2,12,40,188,0,4.7,68,337,4.96,2,1,1,1,6,286,8,9,1,18,6,15,0,1,6,50,2,0,2,31:11,MIA
6,7.0,7.0,8.0,2024-10-27,Sun,,ARI,L,27,28,,28,38,73.7,227,1,6.0,6.5,97.1,1,7,25,150,2,6.0,64,377,5.89,2,2,3,3,2,92,15,7,0,22,11,15,0,0,2,15,0,0,0,30:31,MIA
7,8.0,8.0,9.0,2024-11-03,Sun,@,BUF,L,27,30,,25,28,89.3,224,2,8.0,9.43,123.8,1,7,31,149,1,4.8,60,373,6.22,2,2,3,3,1,37,14,10,2,26,4,8,1,1,8,57,1,0,1,31:53,MIA
8,9.0,9.0,10.0,2024-11-11,Mon,@,LAR,W,23,15,,20,28,71.4,171,1,6.1,5.21,84.1,3,36,22,67,1,3.0,53,238,4.49,3,3,2,2,3,134,11,3,1,15,6,13,0,0,1,15,1,1,2,29:48,MIA
9,10.0,10.0,11.0,2024-11-17,Sun,,LVR,W,34,19,,28,36,77.8,271,3,7.5,9.19,125.8,2,17,26,82,1,3.2,64,353,5.52,2,2,4,4,0,0,18,4,3,25,8,12,2,2,4,23,0,0,0,33:12,MIA
10,11.0,11.0,12.0,2024-11-24,Sun,,NWE,W,34,15,,29,40,72.5,308,4,7.7,9.7,127.9,2,9,24,65,0,2.7,66,373,5.65,2,2,4,4,5,240,19,2,2,23,4,12,0,0,3,17,1,0,1,32:04,MIA
11,12.0,12.0,13.0,2024-11-28,Thu,@,GNB,L,17,30,,37,46,80.4,336,2,7.3,8.17,111.6,5,29,14,39,0,2.8,65,375,5.77,1,1,0,0,3,146,20,1,0,21,4,14,3,5,10,75,1,0,1,33:04,MIA
12,13.0,13.0,14.0,2024-12-08,Sun,,NYJ,W,32,26,OT,33,47,70.2,331,2,7.0,7.89,104.1,0,0,19,44,1,2.3,66,375,5.68,4,4,1,0,3,148,21,3,4,28,1,9,2,2,8,49,0,0,0,32:53,MIA
13,14.0,14.0,15.0,2024-12-15,Sun,@,HOU,L,12,20,,29,40,72.5,172,1,4.3,1.43,57.5,3,24,19,52,0,2.7,62,224,3.61,2,2,1,0,3,181,11,3,4,18,4,13,2,2,8,64,1,3,4,33:24,MIA
14,15.0,15.0,16.0,2024-12-22,Sun,,SFO,W,29,17,,22,34,64.7,215,1,6.3,6.91,92.2,0,0,30,166,1,5.5,64,381,5.95,5,5,2,2,2,98,13,6,2,21,4,12,0,0,6,45,0,0,0,33:06,MIA
15,16.0,16.0,17.0,2024-12-29,Sun,@,CLE,W,20,3,,22,26,84.6,206,1,7.9,8.69,112.5,4,19,27,74,1,2.7,57,280,4.91,2,2,2,2,7,307,12,4,2,18,2,11,0,1,11,94,0,0,0,30:41,MIA
16,17.0,17.0,18.0,2025-01-05,Sun,@,NYJ,L,20,32,,25,41,61.0,199,1,4.9,3.15,60.9,4,28,23,135,1,5.9,68,334,4.91,2,2,2,2,3,121,14,7,0,21,3,12,3,3,4,32,2,2,4,32:04,MIA
17,,,,,,,,8-9,345,364,,413,591,69.9,3737,22,6.3,6.31,92.0,43,299,448,1795,12,4.0,1082,5532,5.11,41,37,28,26,57,2639,221,90,33,344,77,212,15,31,114,926,11,10,21,541:20,MIA
0,1.0,1.0,1.0,2024-09-09,Mon,@,SFO,L,19,32,,19,29,65.5,198,2,6.8,6.66,93.7,1,5,19,68,1,3.6,49,266,5.43,0,0,1,1,3,160,11,3,0,14,6,10,0,1,3,10,1,1,2,21:20,NYJ
1,2.0,2.0,2.0,2024-09-15,Sun,@,TEN,W,24,17,,18,30,60.0,164,2,5.5,6.8,97.1,2,12,24,101,1,4.2,56,265,4.73,1,1,3,3,6,302,9,6,1,16,5,12,0,0,7,70,0,0,0,30:03,NYJ
2,3.0,3.0,3.0,2024-09-19,Thu,,NWE,W,24,3,,27,35,77.1,267,2,7.6,8.77,117.2,2,14,33,133,1,4.0,70,400,5.71,2,1,3,3,3,122,16,9,2,27,10,15,0,0,8,106,0,0,0,40:04,NYJ
3,4.0,4.0,4.0,2024-09-29,Sun,,DEN,L,9,10,,24,42,57.1,184,0,4.4,4.38,68.0,5,41,23,64,0,2.8,70,248,3.54,4,3,0,0,7,316,10,4,2,16,4,17,0,1,13,90,1,0,1,31:44,NYJ
4,5.0,5.0,5.0,2024-10-06,Sun,@,MIN,L,17,23,,29,54,53.7,218,2,4.0,2.28,52.9,3,26,14,36,0,2.6,71,254,3.58,1,1,2,2,6,295,13,2,2,17,5,17,0,1,8,76,0,3,3,29:23,NYJ
5,6.0,6.0,6.0,2024-10-14,Mon,,BUF,L,20,23,,23,35,65.7,272,2,7.8,7.63,96.4,3,22,21,121,0,5.8,59,393,6.66,4,2,2,2,2,96,12,5,3,20,4,12,0,0,11,110,0,1,1,30:26,NYJ
6,7.0,7.0,7.0,2024-10-20,Sun,@,PIT,L,15,37,,24,39,61.5,269,1,6.9,5.1,69.3,1,7,15,54,1,3.6,55,323,5.87,1,0,1,1,4,177,13,3,1,17,3,10,1,2,5,50,0,2,2,27:51,NYJ
7,8.0,8.0,8.0,2024-10-27,Sun,@,NWE,L,22,25,,17,28,60.7,224,2,8.0,9.43,109.8,1,9,28,112,1,4.0,57,336,5.89,2,1,2,1,4,177,12,6,4,22,4,10,0,0,8,55,0,0,0,29:34,NYJ
8,9.0,9.0,9.0,2024-10-31,Thu,,HOU,W,21,13,,22,32,68.8,193,3,6.0,7.91,115.8,2,18,21,100,0,4.8,55,293,5.33,0,0,3,3,5,274,11,4,2,17,5,12,1,1,9,83,1,0,1,26:18,NYJ
9,10.0,10.0,10.0,2024-11-10,Sun,@,ARI,L,6,31,,22,35,62.9,128,0,3.7,3.66,69.7,3,23,17,79,0,4.6,55,207,3.76,2,2,0,0,2,93,10,5,2,17,6,13,1,3,3,25,1,0,1,27:18,NYJ
10,11.0,11.0,11.0,2024-11-17,Sun,,IND,L,27,28,,22,29,75.9,162,2,5.6,6.97,111.6,3,22,20,91,1,4.6,52,253,4.87,2,2,3,3,5,277,7,3,0,10,4,13,0,1,2,14,0,0,0,25:43,NYJ
11,12.0,12.0,13.0,2024-12-01,Sun,,SEA,L,21,26,,21,39,53.8,169,2,4.3,4.21,71.4,2,16,21,89,0,4.2,62,258,4.16,0,0,2,1,4,162,12,3,2,17,5,13,1,3,12,83,1,1,2,28:39,NYJ
12,13.0,13.0,14.0,2024-12-08,Sun,@,MIA,L,26,32,OT,27,39,69.2,319,1,8.2,8.69,102.4,3,20,21,83,1,4.0,63,402,6.38,4,4,2,2,2,96,18,3,2,23,4,12,2,2,10,83,0,0,0,31:02,NYJ
13,14.0,14.0,15.0,2024-12-15,Sun,@,JAX,W,32,25,,16,30,53.3,275,3,9.2,11.17,118.1,1,14,23,125,1,5.4,54,400,7.41,2,1,3,3,3,125,10,8,4,22,4,10,1,1,8,62,0,0,0,25:36,NYJ
14,15.0,15.0,16.0,2024-12-22,Sun,,LAR,L,9,19,,28,42,66.7,246,1,5.9,6.33,90.0,1,10,20,75,0,3.8,63,321,5.1,2,1,1,0,0,0,14,3,0,17,5,13,2,5,8,62,2,0,2,32:05,NYJ
15,16.0,16.0,17.0,2024-12-29,Sun,@,BUF,L,14,40,,23,32,71.9,169,2,5.3,3.72,78.8,4,26,21,112,0,5.3,57,281,4.93,0,0,0,0,3,143,9,9,2,20,4,9,0,1,16,120,1,2,3,28:43,NYJ
16,17.0,17.0,18.0,2025-01-05,Sun,,MIA,W,32,20,,23,37,62.2,257,4,6.9,7.89,107.6,3,17,22,118,0,5.4,62,375,6.05,1,1,3,3,4,157,14,7,1,22,5,12,1,2,6,35,0,1,1,27:56,NYJ
17,,,,,,,,5-12,338,404,,385,607,63.4,3714,31,6.1,6.32,89.9,40,302,363,1561,8,4.3,1010,5275,5.22,28,20,31,28,63,2972,201,83,30,314,83,210,10,24,137,1134,8,11,19,493:45,NYJ
0,1.0,1.0,1.0,2024-09-08,Sun,@,CIN,W,16,10,,15,24,62.5,120,0,5.0,5.0,75.0,1,1,39,170,1,4.4,64,290,4.53,3,3,1,1,5,250,6,11,0,17,6,15,0,0,5,40,0,0,0,34:03,NWE
1,2.0,2.0,2.0,2024-09-15,Sun,,SEA,L,20,23,OT,15,27,55.6,125,1,4.6,5.37,80.0,3,24,36,185,1,5.1,66,310,4.7,3,2,2,2,6,342,9,8,2,19,6,16,0,0,3,42,0,0,0,35:42,NWE
2,3.0,3.0,3.0,2024-09-19,Thu,@,NYJ,L,3,24,,16,26,61.5,61,0,2.3,2.35,65.9,7,59,15,78,0,5.2,48,139,2.9,1,1,0,0,5,245,6,3,2,11,2,11,3,3,5,70,1,0,1,19:56,NWE
3,4.0,4.0,4.0,2024-09-29,Sun,@,SFO,L,13,30,,19,32,59.4,143,1,4.5,3.69,67.6,6,25,24,73,0,3.0,62,216,3.48,2,2,1,1,4,196,8,2,2,12,5,16,1,3,3,20,2,1,3,28:25,NWE
4,5.0,5.0,5.0,2024-10-06,Sun,,MIA,L,10,15,,18,34,52.9,148,0,4.4,4.35,64.3,2,12,19,151,1,7.9,55,299,5.44,2,1,1,1,6,310,8,5,2,15,4,13,0,1,12,105,0,0,0,25:40,NWE
5,6.0,6.0,6.0,2024-10-13,Sun,,HOU,L,21,41,,20,33,60.6,209,3,6.3,5.42,84.0,4,34,26,82,0,3.2,63,291,4.62,0,0,3,3,6,299,12,3,2,17,3,13,2,2,9,50,2,2,4,29:13,NWE
6,7.0,7.0,7.0,2024-10-20,Sun,@,JAX,L,16,32,,26,37,70.3,257,2,6.9,8.03,107.6,2,19,15,38,0,2.5,54,295,5.46,1,1,1,1,4,209,13,2,2,17,6,12,0,1,7,35,0,0,0,26:45,NWE
7,8.0,8.0,8.0,2024-10-27,Sun,,NYJ,W,25,22,,18,30,60.0,136,0,4.5,4.53,71.0,2,19,31,112,3,3.6,63,248,3.94,1,1,2,2,5,236,7,10,2,19,7,15,1,1,5,50,0,0,0,30:26,NWE
8,9.0,9.0,9.0,2024-11-03,Sun,@,TEN,L,17,20,OT,29,41,70.7,185,1,4.5,2.8,67.6,4,21,20,110,1,5.5,65,295,4.54,2,1,2,2,4,169,10,7,3,20,3,11,1,1,8,58,1,2,3,29:09,NWE
9,10.0,10.0,10.0,2024-11-10,Sun,@,CHI,W,19,3,,15,25,60.0,184,1,7.4,6.36,79.4,1,0,35,144,0,4.1,61,328,5.38,4,4,1,1,5,285,9,7,0,16,5,14,1,1,7,40,0,1,1,32:28,NWE
10,11.0,11.0,11.0,2024-11-17,Sun,,LAR,L,22,28,,29,39,74.4,257,2,6.6,6.46,97.9,3,25,30,125,0,4.2,72,382,5.31,3,3,2,1,2,74,16,6,4,26,6,14,0,0,7,45,1,1,2,37:20,NWE
11,12.0,12.0,12.0,2024-11-24,Sun,@,MIA,L,15,34,,22,38,57.9,183,1,4.8,4.16,68.2,4,39,21,86,0,4.1,63,269,4.27,1,0,1,1,5,259,8,4,2,14,3,14,1,3,10,75,1,1,2,27:56,NWE
12,13.0,13.0,13.0,2024-12-01,Sun,,IND,L,24,25,,24,30,80.0,222,1,7.4,6.57,94.7,4,16,31,200,1,6.5,65,422,6.49,5,3,1,1,1,38,14,9,0,23,6,11,0,0,7,88,0,1,1,34:12,NWE
13,14.0,14.0,15.0,2024-12-15,Sun,@,ARI,L,17,30,,19,23,82.6,195,1,8.5,7.39,98.4,2,7,24,116,1,4.8,49,311,6.35,2,1,2,2,2,110,10,7,0,17,0,6,1,2,4,45,0,1,1,25:52,NWE
14,15.0,15.0,16.0,2024-12-22,Sun,@,BUF,L,21,24,,22,36,61.1,253,2,7.0,6.89,89.2,2,8,30,126,1,4.2,68,379,5.57,0,0,3,3,3,133,13,8,7,28,7,12,2,2,5,34,2,1,3,30:57,NWE
15,16.0,16.0,17.0,2024-12-28,Sat,,LAC,L,7,40,,13,24,54.2,85,1,3.5,4.38,75.9,4,30,20,96,0,4.8,48,181,3.77,0,0,1,1,4,220,4,4,3,11,2,10,0,3,7,60,1,0,1,19:26,NWE
16,17.0,17.0,18.0,2025-01-05,Sun,,BUF,W,23,16,,22,30,73.3,232,1,7.7,8.4,106.5,1,9,30,77,1,2.6,61,309,5.07,3,3,2,2,3,111,14,5,0,19,4,12,1,1,7,59,1,0,1,31:14,NWE
17,,,,,,,,4-13,289,417,,342,529,64.7,2995,18,5.7,5.41,82.2,52,348,446,1969,11,4.4,1027,4964,4.83,33,26,26,25,70,3486,167,101,33,301,75,215,14,24,111,916,12,11,23,498:44,NWE
0,1.0,1.0,1.0,2024-09-05,Thu,@,KAN,L,20,27,,26,41,63.4,267,1,6.5,7.0,90.2,1,6,32,185,1,5.8,74,452,6.11,3,2,2,2,2,75,11,13,1,25,7,14,1,2,7,64,1,0,1,33:43,BAL
1,2.0,2.0,2.0,2024-09-15,Sun,,LVR,L,23,26,,21,34,61.8,232,1,6.8,6.09,79.5,2,15,27,151,1,5.6,63,383,6.08,4,3,2,2,4,173,14,5,2,21,3,11,1,1,11,109,0,1,1,29:17,BAL
2,3.0,3.0,3.0,2024-09-22,Sun,@,DAL,W,28,25,,12,15,80.0,182,1,12.1,13.47,139.4,0,0,45,274,3,6.1,60,456,7.6,1,0,4,4,4,171,8,16,0,24,4,9,0,0,13,105,0,0,0,34:45,BAL
3,4.0,4.0,4.0,2024-09-29,Sun,,BUF,W,35,10,,14,19,73.7,156,2,8.2,10.32,132.8,1,1,34,271,2,8.0,54,427,7.91,0,0,5,5,4,177,9,11,2,22,5,9,0,0,8,79,1,0,1,31:03,BAL
4,5.0,5.0,5.0,2024-10-06,Sun,@,CIN,W,41,38,OT,26,42,61.9,345,4,8.2,10.12,119.6,1,3,34,175,1,5.1,77,520,6.75,2,2,5,5,3,168,18,11,1,30,10,15,1,1,5,21,1,0,1,33:45,BAL
5,6.0,6.0,6.0,2024-10-13,Sun,,WAS,W,30,23,,20,26,76.9,308,1,11.8,10.88,112.3,2,15,37,176,2,4.8,65,484,7.45,3,3,3,3,1,50,16,9,3,28,6,10,0,0,3,33,0,1,1,36:08,BAL
6,7.0,7.0,7.0,2024-10-21,Mon,@,TAM,W,41,31,,17,22,77.3,264,5,12.0,16.55,156.1,2,17,30,244,0,8.1,54,508,9.41,2,2,5,5,2,87,12,7,3,22,3,8,1,1,9,85,1,0,1,24:55,BAL
7,8.0,8.0,8.0,2024-10-27,Sun,@,CLE,L,24,29,,23,38,60.5,263,2,6.9,7.97,98.9,3,26,21,124,1,5.9,62,387,6.24,2,1,3,3,4,209,14,5,3,22,2,10,0,2,7,53,0,0,0,28:54,BAL
8,9.0,9.0,9.0,2024-11-03,Sun,,DEN,W,41,10,,16,19,84.2,269,3,14.2,17.32,158.3,1,11,34,127,2,3.7,54,396,7.33,2,2,5,5,2,98,12,8,5,25,3,8,0,0,6,53,0,0,0,31:51,BAL
9,10.0,10.0,10.0,2024-11-07,Thu,,CIN,W,35,34,,25,33,75.8,290,4,8.8,11.21,141.4,0,0,25,99,1,4.0,58,389,6.71,0,0,4,3,5,231,14,5,1,20,7,12,0,0,11,81,0,0,0,28:25,BAL
10,11.0,11.0,11.0,2024-11-17,Sun,@,PIT,L,16,18,,16,33,48.5,205,1,6.2,5.45,65.8,2,2,19,124,1,6.5,54,329,6.09,3,1,1,1,4,217,9,5,2,16,4,11,0,0,12,80,2,1,3,23:38,BAL
11,12.0,12.0,12.0,2024-11-25,Mon,@,LAC,W,30,23,,16,22,72.7,177,2,8.0,9.86,126.5,1,0,37,212,2,5.7,60,389,6.48,1,1,3,3,3,163,6,12,1,19,8,15,3,3,9,102,0,0,0,30:57,BAL
12,13.0,13.0,13.0,2024-12-01,Sun,,PHI,L,19,24,,23,36,63.9,206,2,5.7,6.83,97.7,3,31,32,166,0,5.2,71,372,5.24,4,2,2,1,4,191,11,10,3,24,6,15,1,2,4,20,0,0,0,33:51,BAL
13,14.0,14.0,15.0,2024-12-15,Sun,@,NYG,W,35,14,,21,25,84.0,275,5,11.0,15.0,152.1,3,15,31,170,0,5.5,59,445,7.54,0,0,5,5,2,92,13,12,0,25,9,11,0,0,12,112,1,0,1,28:58,BAL
14,15.0,15.0,16.0,2024-12-21,Sat,,PIT,W,34,17,,15,23,65.2,198,3,8.6,9.26,113.8,1,9,38,220,0,5.8,62,418,6.74,2,2,4,4,3,105,12,11,2,25,4,10,0,0,2,10,0,1,1,32:25,BAL
15,16.0,16.0,17.0,2024-12-25,Wed,@,HOU,W,31,2,,11,17,64.7,181,2,10.6,13.0,139.6,1,3,43,251,2,5.8,61,432,7.08,1,1,4,4,4,165,8,16,1,25,4,9,0,0,3,30,0,0,0,35:21,BAL
16,17.0,17.0,18.0,2025-01-04,Sat,,CLE,W,35,10,,16,32,50.0,217,2,6.8,8.03,92.8,0,0,35,220,2,6.3,67,437,6.52,0,0,5,5,4,179,12,8,0,20,7,14,0,3,10,83,0,0,0,31:40,BAL
17,,,,,,,,12-5,518,361,,318,477,66.7,4035,41,8.5,9.8,118.0,24,154,554,3189,21,5.8,1055,7224,6.85,30,22,62,60,55,2551,199,164,30,393,92,191,8,15,132,1120,7,4,11,529:36,BAL
0,1.0,1.0,1.0,2024-09-08,Sun,@,ATL,W,18,10,,17,23,73.9,133,0,5.8,5.78,87.8,2,23,41,137,0,3.3,66,270,4.09,6,6,0,0,3,146,6,9,1,16,8,17,0,1,9,60,0,0,0,35:36,PIT
1,2.0,2.0,2.0,2024-09-15,Sun,@,DEN,W,13,6,,13,20,65.0,110,1,5.5,6.5,95.8,2,7,36,141,0,3.9,58,251,4.33,2,2,1,1,8,424,7,4,5,16,4,13,0,0,10,78,0,0,0,32:19,PIT
2,3.0,3.0,3.0,2024-09-22,Sun,,LAC,W,20,10,,25,32,78.1,232,1,7.3,6.47,94.3,2,13,31,114,1,3.7,65,346,5.32,3,2,2,2,3,156,9,7,4,20,7,14,0,0,3,15,0,1,1,33:51,PIT
3,4.0,4.0,4.0,2024-09-29,Sun,@,IND,L,24,27,,22,34,64.7,282,1,8.3,8.88,100.4,4,30,30,122,2,4.1,68,404,5.94,1,1,3,3,3,103,11,10,2,23,6,13,0,2,6,53,2,0,2,31:07,PIT
4,5.0,5.0,5.0,2024-10-06,Sun,,DAL,L,17,20,,16,28,57.1,134,2,4.8,6.21,93.5,3,16,26,92,0,3.5,57,226,3.96,1,1,2,2,5,222,7,6,4,17,3,12,2,2,8,50,1,0,1,27:31,PIT
5,6.0,6.0,6.0,2024-10-13,Sun,@,LVR,W,32,13,,14,24,58.3,110,0,4.6,4.58,69.8,3,35,35,183,3,5.2,62,293,4.73,4,4,2,2,3,137,6,10,2,18,4,13,1,1,7,50,0,0,0,31:51,PIT
6,7.0,7.0,7.0,2024-10-20,Sun,,NYJ,W,37,15,,16,29,55.2,260,2,9.0,10.34,108.4,1,4,36,149,2,4.1,66,409,6.2,3,3,4,4,4,184,12,8,1,21,5,14,2,2,4,36,0,0,0,32:09,PIT
7,8.0,8.0,8.0,2024-10-28,Mon,,NYG,W,26,18,,20,28,71.4,259,1,9.3,9.96,112.1,4,19,31,167,0,5.4,63,426,6.76,4,4,2,2,3,131,12,6,2,20,6,13,0,0,5,50,1,0,1,29:18,PIT
8,9.0,9.0,10.0,2024-11-10,Sun,@,WAS,W,28,27,,14,29,48.3,172,3,5.9,6.45,87.1,3,23,43,140,1,3.3,75,312,4.16,0,0,4,4,5,212,9,9,3,21,7,16,1,2,5,49,1,1,2,36:11,PIT
9,10.0,10.0,11.0,2024-11-17,Sun,,BAL,W,18,16,,23,36,63.9,181,0,5.0,3.78,64.7,4,24,34,122,0,3.6,74,303,4.09,6,6,0,0,4,226,9,7,2,18,4,16,0,1,7,45,0,1,1,36:22,PIT
10,11.0,11.0,12.0,2024-11-21,Thu,@,CLE,L,19,24,,21,29,72.4,248,1,8.6,9.24,109.6,4,22,34,120,1,3.5,67,368,5.49,3,2,1,1,1,15,10,5,2,17,7,16,1,3,6,39,1,0,1,35:02,PIT
11,12.0,12.0,13.0,2024-12-01,Sun,@,CIN,W,44,38,,29,38,76.3,410,3,10.8,11.18,126.0,2,4,26,110,1,4.2,66,520,7.88,4,3,5,5,1,38,18,5,5,28,4,9,0,0,9,103,0,1,1,31:09,PIT
12,13.0,13.0,14.0,2024-12-08,Sun,,CLE,W,27,14,,15,26,57.7,147,2,5.7,7.19,99.4,1,11,35,120,1,3.4,62,267,4.31,2,2,3,3,6,314,6,8,1,15,6,14,0,0,6,61,1,0,1,30:00,PIT
13,14.0,14.0,15.0,2024-12-15,Sun,@,PHI,L,13,27,,14,22,63.6,107,1,4.9,5.77,90.5,2,21,17,56,0,3.3,41,163,3.98,2,2,1,1,5,215,5,4,1,10,3,10,0,0,5,60,1,0,1,20:08,PIT
14,15.0,15.0,16.0,2024-12-21,Sat,@,BAL,L,17,34,,22,33,66.7,198,2,6.0,5.85,90.2,3,19,24,117,0,4.9,60,315,5.25,1,1,2,2,5,247,14,5,0,19,4,10,0,1,5,29,1,1,2,27:35,PIT
15,16.0,16.0,17.0,2024-12-25,Wed,,KAN,L,10,29,,23,37,62.2,162,0,4.4,3.16,60.9,5,43,31,202,1,6.5,73,364,4.99,1,1,1,1,4,178,9,13,1,23,8,16,0,1,4,25,1,1,2,31:22,PIT
16,17.0,17.0,18.0,2025-01-04,Sat,,CIN,L,17,19,,17,31,54.8,119,1,3.8,4.48,74.5,4,29,23,74,1,3.2,58,193,3.33,1,1,2,2,5,213,8,6,2,16,4,12,0,2,3,20,1,0,1,22:00,PIT
17,,,,,,,,10-7,380,347,,321,499,64.3,3264,21,6.5,6.84,92.0,49,343,533,2166,14,4.1,1081,5430,5.02,44,41,35,35,68,3161,158,122,38,318,90,228,7,18,102,823,11,6,17,523:31,PIT
0,1.0,1.0,1.0,2024-09-08,Sun,,NWE,L,10,16,,21,29,72.4,154,0,5.3,5.31,84.6,3,10,16,70,1,4.4,48,224,4.67,1,1,1,1,4,258,7,5,1,13,4,11,0,1,2,10,2,0,2,25:57,CIN
1,2.0,2.0,2.0,2024-09-15,Sun,@,KAN,L,25,26,,23,36,63.9,246,2,6.8,7.94,102.3,3,12,22,74,0,3.4,61,320,5.25,4,4,2,1,2,98,11,6,1,18,4,13,2,2,8,79,1,0,1,31:29,CIN
2,3.0,3.0,3.0,2024-09-23,Mon,,WAS,L,33,38,,29,38,76.3,312,3,8.2,9.79,126.2,2,12,20,124,1,6.2,60,436,7.27,3,2,3,3,0,0,18,11,1,30,6,10,1,1,5,16,0,0,0,26:54,CIN
3,4.0,4.0,4.0,2024-09-29,Sun,@,CAR,W,34,24,,22,31,71.0,232,2,7.5,7.32,100.5,0,0,31,141,2,4.5,62,373,6.02,2,2,4,4,3,170,14,6,4,24,7,13,0,0,5,39,0,1,1,28:58,CIN
4,5.0,5.0,5.0,2024-10-06,Sun,,BAL,L,38,41,OT,30,39,76.9,371,5,9.5,10.92,134.7,3,21,23,71,0,3.1,65,442,6.8,1,0,4,4,5,253,19,3,1,23,8,14,0,0,4,24,0,1,1,32:42,CIN
5,6.0,6.0,6.0,2024-10-13,Sun,@,NYG,W,17,7,,19,28,67.9,183,0,6.5,6.54,85.9,4,25,20,121,2,6.1,52,304,5.85,1,1,2,2,6,278,10,3,0,13,4,11,0,0,6,67,1,0,1,25:53,CIN
6,7.0,7.0,7.0,2024-10-20,Sun,@,CLE,W,21,14,,15,25,60.0,164,2,6.6,8.16,106.1,3,17,25,59,0,2.4,53,223,4.21,1,0,3,3,8,354,8,3,1,12,2,13,0,1,3,37,0,0,0,25:31,CIN
7,8.0,8.0,8.0,2024-10-27,Sun,,PHI,L,17,37,,26,37,70.3,222,1,6.0,5.32,83.4,1,12,20,58,1,2.9,58,280,4.83,2,1,2,2,0,0,15,3,0,18,10,13,0,1,1,3,1,1,2,28:12,CIN
8,9.0,9.0,9.0,2024-11-03,Sun,,LVR,W,41,24,,27,39,69.2,243,5,6.2,7.64,114.6,1,8,31,130,0,4.2,71,373,5.25,2,2,5,5,3,175,18,5,3,26,8,15,1,1,7,60,0,1,1,35:14,CIN
9,10.0,10.0,10.0,2024-11-07,Thu,@,BAL,L,34,35,,34,56,60.7,421,4,7.5,8.95,107.8,3,7,16,49,1,3.1,75,470,6.27,0,0,4,4,3,124,21,2,4,27,8,16,2,4,3,23,1,0,1,31:35,CIN
10,11.0,11.0,11.0,2024-11-17,Sun,@,LAC,L,27,34,,28,50,56.0,342,3,6.8,8.04,97.2,3,14,25,110,0,4.4,78,452,5.79,4,2,3,3,5,250,14,6,4,24,5,17,3,3,8,56,0,0,0,34:08,CIN
11,12.0,12.0,13.0,2024-12-01,Sun,,PIT,L,38,44,,28,38,73.7,282,3,7.4,7.82,109.8,4,27,15,93,1,6.2,57,375,6.58,1,1,5,5,2,87,16,5,4,25,4,8,0,0,11,101,2,1,3,28:51,CIN
12,13.0,13.0,14.0,2024-12-09,Mon,@,DAL,W,27,20,,33,44,75.0,359,3,8.2,8.5,111.8,2,10,19,74,0,3.9,65,433,6.66,2,2,3,3,3,121,18,4,1,23,4,10,0,1,10,77,0,1,1,33:11,CIN
13,14.0,14.0,15.0,2024-12-15,Sun,@,TEN,W,37,27,,26,37,70.3,269,3,7.3,6.46,95.4,1,2,26,101,1,3.9,64,370,5.78,1,1,5,4,1,36,12,9,3,24,10,13,0,0,14,113,2,2,4,28:31,CIN
14,15.0,15.0,16.0,2024-12-22,Sun,,CLE,W,24,6,,23,30,76.7,210,3,7.0,9.0,128.5,4,42,22,116,0,5.3,56,326,5.82,2,1,3,3,4,206,14,6,1,21,4,11,0,0,5,35,1,0,1,30:48,CIN
15,16.0,16.0,17.0,2024-12-28,Sat,,DEN,W,30,24,OT,39,49,79.6,384,3,7.8,9.06,119.7,7,28,28,115,1,4.1,84,499,5.94,2,1,3,3,1,47,23,6,5,34,7,13,1,3,3,15,1,0,1,41:56,CIN
16,17.0,17.0,18.0,2025-01-04,Sat,@,PIT,W,19,17,,37,46,80.4,246,1,5.3,4.8,87.1,4,31,21,68,0,3.2,71,314,4.42,4,4,1,1,3,146,15,5,1,21,5,13,0,1,6,25,1,1,2,38:00,CIN
17,,,,,,,,9-8,472,434,,460,652,70.6,4640,43,7.1,7.81,106.8,48,278,380,1574,11,4.1,1080,6214,5.75,33,25,53,51,53,2603,253,88,35,376,100,214,10,19,101,780,13,9,22,527:50,CIN
0,1.0,1.0,1.0,2024-09-08,Sun,,DAL,L,17,33,,24,45,53.3,137,1,3.0,1.49,48.1,6,32,19,93,1,4.9,70,230,3.29,1,1,2,2,7,357,8,5,2,15,2,15,3,5,11,64,0,2,2,30:54,CLE
1,2.0,2.0,2.0,2024-09-15,Sun,@,JAX,W,18,13,,22,34,64.7,172,0,5.1,5.06,77.1,2,14,29,125,1,4.3,65,297,4.57,3,3,1,1,5,218,7,7,3,17,2,14,3,3,13,100,0,0,0,34:23,CLE
2,3.0,3.0,3.0,2024-09-22,Sun,,NYG,L,15,21,,21,37,56.8,148,2,4.0,5.08,84.1,8,48,18,69,0,3.8,63,217,3.44,1,0,1,1,6,306,7,7,2,16,4,14,1,3,5,48,2,0,2,26:04,CLE
3,4.0,4.0,4.0,2024-09-29,Sun,@,LVR,L,16,20,,24,32,75.0,149,1,4.7,3.88,81.4,3,27,22,92,0,4.2,57,241,4.23,1,1,2,1,5,316,9,6,1,16,3,10,0,1,5,38,0,1,1,30:42,CLE
4,5.0,5.0,5.0,2024-10-06,Sun,@,WAS,L,13,34,,16,29,55.2,108,1,3.7,4.41,75.1,7,33,23,104,0,4.5,59,212,3.59,2,2,1,1,7,361,7,4,1,12,1,13,2,3,9,52,1,0,1,28:42,CLE
5,6.0,6.0,6.0,2024-10-13,Sun,@,PHI,L,16,20,,16,23,69.6,144,0,6.3,6.26,86.1,5,24,25,100,0,4.0,53,244,4.6,4,3,1,1,4,223,7,6,1,14,3,12,1,1,7,55,0,0,0,31:27,CLE
6,7.0,7.0,7.0,2024-10-20,Sun,,CIN,L,14,21,,31,52,59.6,259,1,5.0,3.63,62.9,4,18,21,77,1,3.7,77,336,4.36,1,0,1,0,7,355,12,5,1,18,8,19,1,2,10,80,0,2,2,34:29,CLE
7,8.0,8.0,8.0,2024-10-27,Sun,,BAL,W,29,24,,27,41,65.9,321,3,7.8,9.29,114.0,2,13,23,80,0,3.5,66,401,6.08,3,3,2,2,3,146,16,5,1,22,8,15,0,0,7,74,1,0,1,31:06,CLE
8,9.0,9.0,9.0,2024-11-03,Sun,,LAC,L,10,27,,26,46,56.5,213,1,4.6,2.13,48.6,6,22,24,79,0,3.3,76,292,3.84,2,1,1,1,6,318,14,6,1,21,6,17,2,3,4,25,0,3,3,34:09,CLE
9,10.0,10.0,11.0,2024-11-17,Sun,@,NOR,L,14,35,,30,47,63.8,377,2,8.0,8.87,102.9,3,18,20,66,0,3.3,70,443,6.33,2,0,0,0,5,228,17,3,2,22,3,13,1,3,3,14,0,0,0,29:22,CLE
10,11.0,11.0,12.0,2024-11-21,Thu,,PIT,W,24,19,,18,27,66.7,219,0,8.1,6.44,76.0,1,0,27,85,3,3.1,55,304,5.53,1,1,1,1,3,92,8,8,1,17,1,10,4,4,8,48,2,1,3,24:58,CLE
11,12.0,12.0,13.0,2024-12-02,Mon,@,DEN,L,32,41,,34,58,58.6,475,4,8.2,7.24,86.5,3,22,23,77,0,3.3,84,552,6.57,2,1,3,3,6,312,24,3,1,28,9,19,2,2,5,46,0,3,3,32:10,CLE
12,13.0,13.0,14.0,2024-12-08,Sun,@,PIT,L,14,27,,24,41,58.5,196,2,4.8,3.56,66.7,3,16,25,104,0,4.2,69,300,4.35,2,0,2,2,5,226,11,7,2,20,2,13,3,4,9,81,1,2,3,30:00,CLE
13,14.0,14.0,15.0,2024-12-15,Sun,,KAN,L,7,21,,20,34,58.8,127,0,3.7,-1.56,27.1,5,37,21,139,1,6.6,60,266,4.43,0,0,1,1,6,289,9,5,2,16,4,12,0,1,6,45,2,4,6,28:23,CLE
14,15.0,15.0,16.0,2024-12-22,Sun,@,CIN,L,6,24,,20,34,58.8,125,0,3.7,1.03,41.9,5,32,24,148,1,6.2,63,273,4.33,0,0,1,0,4,174,8,7,3,18,3,12,1,3,5,41,1,2,3,29:12,CLE
15,16.0,16.0,17.0,2024-12-29,Sun,,MIA,L,3,20,,24,47,51.1,162,0,3.4,2.49,50.1,1,8,28,114,0,4.1,76,276,3.63,1,1,0,0,5,250,7,8,3,18,7,17,0,4,9,84,1,1,2,29:19,CLE
16,17.0,17.0,18.0,2025-01-04,Sat,@,BAL,L,10,35,,18,34,52.9,174,1,5.1,3.06,52.8,2,9,19,56,0,2.9,55,230,4.18,1,1,1,1,5,216,9,1,3,13,4,12,0,2,3,20,0,2,2,28:20,CLE
17,,,,,,,,3-14,258,435,,395,661,59.8,3506,19,5.3,4.31,69.1,66,373,391,1608,8,4.1,1118,5114,4.57,27,18,21,18,89,4387,180,93,30,303,70,237,24,44,119,915,11,23,34,513:40,CLE
0,1.0,1.0,1.0,2024-09-08,Sun,@,IND,W,29,27,,24,32,75.0,204,2,6.4,7.63,112.0,4,30,40,213,1,5.3,76,417,5.49,3,3,2,2,2,56,13,11,2,26,7,14,2,2,5,30,0,0,0,40:00,HOU
1,2.0,2.0,2.0,2024-09-15,Sun,,CHI,W,19,13,,23,36,63.9,235,1,6.5,7.08,91.8,3,25,22,75,0,3.4,61,310,5.08,4,4,1,1,6,267,11,4,0,15,4,14,1,1,12,115,1,0,1,28:47,HOU
2,3.0,3.0,3.0,2024-09-22,Sun,@,MIN,L,7,34,,28,44,63.6,258,1,5.9,4.27,68.2,5,49,14,38,0,2.7,63,296,4.7,1,0,1,1,4,177,16,0,1,17,4,14,2,4,11,88,0,2,2,30:42,HOU
3,4.0,4.0,4.0,2024-09-29,Sun,,JAX,W,24,20,,27,40,67.5,334,2,8.4,9.35,109.8,2,11,26,101,1,3.9,68,435,6.4,1,1,3,3,6,263,20,4,2,26,7,13,0,0,12,93,1,0,1,33:17,HOU
4,5.0,5.0,5.0,2024-10-06,Sun,,BUF,W,23,20,,28,38,73.7,331,1,8.7,8.05,97.6,1,0,28,94,1,3.4,67,425,6.34,3,3,2,2,5,221,13,5,0,18,8,16,0,1,7,65,1,1,2,33:10,HOU
5,6.0,6.0,6.0,2024-10-13,Sun,@,NWE,W,41,21,,20,32,62.5,176,3,5.5,5.97,95.3,2,16,28,192,2,6.9,62,368,5.94,3,2,5,5,4,185,13,5,2,20,4,11,0,0,4,38,0,1,1,30:47,HOU
6,7.0,7.0,7.0,2024-10-20,Sun,@,GNB,L,22,24,,10,21,47.6,55,0,2.6,2.62,54.3,4,31,33,142,2,4.3,58,197,3.4,3,3,1,1,6,307,6,9,0,15,4,13,0,0,5,55,0,0,0,31:17,HOU
7,8.0,8.0,8.0,2024-10-27,Sun,,IND,W,23,20,,25,37,67.6,267,1,7.2,7.76,97.5,2,18,29,96,1,3.3,68,363,5.34,3,3,2,2,6,257,15,5,1,21,4,13,0,0,5,30,1,0,1,35:20,HOU
8,9.0,9.0,9.0,2024-10-31,Thu,@,NYJ,L,13,21,,11,31,35.5,135,0,4.4,4.35,49.8,8,56,36,187,1,5.2,75,322,4.29,4,2,1,1,3,154,6,10,5,21,6,17,2,2,7,60,1,0,1,33:42,HOU
9,10.0,10.0,10.0,2024-11-10,Sun,,DET,L,23,26,,19,33,57.6,192,1,5.8,3.7,59.2,4,40,28,56,1,2.0,65,248,3.82,4,3,2,2,5,275,12,3,1,16,6,15,0,0,4,30,0,2,2,32:28,HOU
10,11.0,11.0,11.0,2024-11-18,Mon,@,DAL,W,34,10,,23,34,67.6,250,0,7.4,6.03,76.8,1,7,25,141,3,5.6,60,391,6.52,2,2,4,4,4,210,13,6,2,21,4,12,1,2,9,69,0,1,1,30:37,HOU
11,12.0,12.0,12.0,2024-11-24,Sun,,TEN,L,27,32,,20,33,60.6,220,2,6.7,5.15,75.3,4,27,17,40,0,2.4,54,260,4.81,3,2,3,3,5,240,11,0,1,12,3,13,0,0,11,81,0,2,2,25:31,HOU
12,13.0,13.0,13.0,2024-12-01,Sun,@,JAX,W,23,20,,22,34,64.7,218,1,6.4,7.0,92.5,2,24,25,108,1,4.3,61,326,5.34,3,3,2,2,4,202,10,9,1,20,5,13,1,1,3,15,0,0,0,32:17,HOU
13,14.0,14.0,15.0,2024-12-15,Sun,,MIA,W,20,12,,18,26,69.2,104,2,4.0,5.54,102.1,4,27,20,77,0,3.9,50,181,3.62,2,2,2,2,5,250,8,3,1,12,5,13,1,1,7,70,1,0,1,26:36,HOU
14,15.0,15.0,16.0,2024-12-21,Sat,@,KAN,L,19,27,,23,39,59.0,227,2,5.8,4.54,71.2,2,17,17,84,0,4.9,58,311,5.36,2,2,2,1,2,105,14,6,0,20,7,13,0,0,6,45,0,2,2,26:08,HOU
15,16.0,16.0,17.0,2024-12-25,Wed,,BAL,L,2,31,,18,32,56.3,153,0,4.8,3.38,55.9,5,37,17,58,0,3.4,54,211,3.91,0,0,0,0,6,289,8,1,1,10,4,15,0,2,5,49,0,1,1,24:39,HOU
16,17.0,17.0,18.0,2025-01-05,Sun,@,TEN,W,23,14,,18,28,64.3,167,1,6.0,6.68,92.4,1,11,29,207,1,7.1,58,374,6.45,1,1,3,2,4,191,8,8,2,18,5,12,1,2,6,48,1,0,1,30:01,HOU
17,,,,,,,,10-7,372,372,,357,570,62.6,3526,20,6.2,5.94,83.0,54,426,434,1909,15,4.4,1058,5435,5.14,42,36,36,34,77,3649,197,89,22,308,87,231,11,18,119,981,7,12,19,525:19,HOU
0,1.0,1.0,1.0,2024-09-08,Sun,,HOU,L,27,29,,9,19,47.4,199,2,10.5,10.21,98.4,2,13,22,104,2,4.7,43,303,7.05,0,0,3,3,3,152,4,9,1,14,5,10,1,2,4,20,0,1,1,20:00,IND
1,2.0,2.0,2.0,2024-09-15,Sun,@,GNB,L,10,16,,17,34,50.0,198,1,5.8,2.44,41.1,1,6,18,140,0,7.8,53,338,6.38,2,1,1,1,3,161,10,8,1,19,2,9,1,2,3,20,0,3,3,19:49,IND
2,3.0,3.0,3.0,2024-09-22,Sun,,CHI,W,21,16,,10,20,50.0,156,0,7.8,3.3,36.7,1,11,33,150,3,4.5,54,306,5.67,0,0,3,3,5,245,4,9,2,15,3,12,0,1,9,78,0,2,2,24:59,IND
3,4.0,4.0,4.0,2024-09-29,Sun,,PIT,W,27,24,,19,30,63.3,225,2,7.5,8.83,108.3,2,14,32,133,1,4.2,64,358,5.59,3,2,3,3,4,170,13,7,2,22,8,15,0,0,4,38,0,0,0,28:53,IND
4,5.0,5.0,5.0,2024-10-06,Sun,@,JAX,L,34,37,,34,45,75.6,348,3,7.7,9.07,119.5,4,35,20,99,1,5.0,69,447,6.48,2,2,4,4,4,210,17,7,1,25,7,14,1,1,5,34,1,0,1,31:32,IND
5,6.0,6.0,6.0,2024-10-13,Sun,@,TEN,W,20,17,,22,38,57.9,189,2,5.0,4.84,77.6,0,0,28,80,0,2.9,66,269,4.08,2,2,2,2,5,271,11,4,5,20,7,15,1,1,5,40,0,1,1,29:28,IND
6,7.0,7.0,7.0,2024-10-20,Sun,,MIA,W,16,10,,10,24,41.7,129,0,5.4,5.38,59.2,0,0,37,155,1,4.2,61,284,4.66,3,3,1,1,7,337,6,10,0,16,4,13,0,0,4,25,1,0,1,28:49,IND
7,8.0,8.0,8.0,2024-10-27,Sun,@,HOU,L,20,23,,10,32,31.3,140,1,4.4,3.59,43.7,5,35,26,163,1,6.3,63,303,4.81,2,2,2,2,6,283,7,10,0,17,2,13,2,2,9,57,1,1,2,24:40,IND
8,9.0,9.0,9.0,2024-11-03,Sun,@,MIN,L,13,21,,16,27,59.3,159,0,5.9,4.22,60.6,3,20,19,68,0,3.6,49,227,4.63,3,2,1,1,3,148,9,3,1,13,3,11,1,2,7,50,1,1,2,23:06,IND
9,10.0,10.0,10.0,2024-11-10,Sun,,BUF,L,20,30,,26,35,74.3,240,2,6.9,4.14,75.9,4,32,22,121,0,5.5,61,361,5.92,2,2,2,2,2,108,14,4,1,19,4,11,2,3,5,25,1,3,4,27:52,IND
10,11.0,11.0,11.0,2024-11-17,Sun,@,NYJ,W,28,27,,20,30,66.7,241,1,8.0,8.7,102.2,2,31,35,91,2,2.6,67,332,4.96,3,3,1,1,4,200,13,5,0,18,6,15,1,2,5,40,1,0,1,34:17,IND
11,12.0,12.0,12.0,2024-11-24,Sun,,DET,L,6,24,,11,28,39.3,172,0,6.1,6.14,60.4,0,0,21,96,0,4.6,49,268,5.47,2,2,0,0,6,317,7,3,1,11,3,12,0,1,10,75,0,0,0,22:59,IND
12,13.0,13.0,13.0,2024-12-01,Sun,@,NWE,W,25,24,,12,24,50.0,109,2,4.5,2.46,55.7,0,0,34,144,1,4.2,58,253,4.36,1,1,2,2,2,100,5,13,2,20,5,11,3,3,2,15,0,2,2,25:48,IND
13,14.0,14.0,15.0,2024-12-15,Sun,@,DEN,L,13,31,,17,38,44.7,161,0,4.2,1.87,35.1,2,11,32,149,1,4.7,72,310,4.31,2,2,1,1,5,259,8,7,3,18,4,15,2,4,8,69,3,2,5,31:32,IND
14,15.0,15.0,16.0,2024-12-22,Sun,,TEN,W,38,30,,7,11,63.6,123,1,11.2,8.91,94.1,1,8,50,335,4,6.7,62,458,7.39,2,1,5,5,4,189,6,12,1,19,8,15,1,1,7,62,0,1,1,33:01,IND
15,16.0,16.0,17.0,2024-12-29,Sun,@,NYG,L,33,45,,26,38,68.4,320,2,8.4,7.11,89.8,2,10,33,126,2,3.8,73,446,6.11,3,2,3,3,1,32,16,7,2,25,7,13,1,2,3,21,1,2,3,33:23,IND
16,17.0,17.0,18.0,2025-01-05,Sun,,JAX,W,26,23,OT,23,40,57.5,252,1,6.3,6.8,84.6,3,12,34,177,1,5.2,77,429,5.57,5,4,2,2,4,200,11,12,1,24,5,15,0,1,3,15,0,0,0,35:58,IND
17,,,,,,,,8-9,377,427,,289,513,56.3,3361,20,6.6,5.66,73.9,32,238,496,2331,20,4.7,1041,5692,5.47,37,31,36,36,68,3382,161,130,24,315,83,219,17,28,93,684,10,19,29,476:06,IND
0,1.0,1.0,1.0,2024-09-08,Sun,@,MIA,L,17,20,,12,21,57.1,139,1,6.6,7.57,93.2,3,23,26,128,1,4.9,50,267,5.34,1,1,2,2,6,311,8,7,2,17,2,10,0,1,8,71,1,0,1,26:50,JAX
1,2.0,2.0,2.0,2024-09-15,Sun,,CLE,L,13,18,,14,30,46.7,196,0,6.5,6.53,68.2,4,24,21,127,1,6.0,55,323,5.87,3,2,1,1,3,156,9,7,2,18,3,9,0,0,6,52,0,0,0,25:37,JAX
2,3.0,3.0,3.0,2024-09-23,Mon,@,BUF,L,10,47,,26,46,56.5,147,1,3.2,2.65,60.7,5,53,17,92,0,5.4,68,239,3.51,1,1,1,1,2,109,10,7,2,19,2,13,4,8,7,45,1,1,2,28:20,JAX
3,4.0,4.0,4.0,2024-09-29,Sun,@,HOU,L,20,24,,18,33,54.5,155,2,4.7,5.91,87.3,1,14,24,158,0,6.6,58,313,5.4,2,2,2,2,5,253,11,5,1,17,4,12,0,1,6,44,0,0,0,26:43,JAX
4,5.0,5.0,5.0,2024-10-06,Sun,,IND,W,37,34,,28,34,82.4,371,2,10.9,10.76,119.5,0,0,23,126,2,5.5,57,497,8.72,3,3,4,4,2,102,13,6,1,20,3,10,1,2,3,25,1,1,2,28:28,JAX
5,6.0,6.0,6.0,2024-10-13,Sun,@,CHI,L,16,35,,24,36,66.7,210,2,5.8,5.69,88.9,4,30,20,68,0,3.4,60,278,4.63,1,1,1,1,4,193,14,3,0,17,7,15,2,2,8,43,1,1,2,29:20,JAX
6,7.0,7.0,7.0,2024-10-20,Sun,,NWE,W,32,16,,15,20,75.0,193,1,9.7,10.65,121.5,0,0,39,171,2,4.4,59,364,6.17,1,1,3,3,2,70,9,13,1,23,6,10,0,1,4,24,0,0,0,33:15,JAX
7,8.0,8.0,8.0,2024-10-27,Sun,,GNB,L,27,30,,21,32,65.6,299,2,9.3,9.19,103.5,1,9,23,91,1,4.0,56,390,6.96,2,2,3,3,5,298,14,5,0,19,1,9,1,1,8,59,1,1,2,25:51,JAX
8,9.0,9.0,9.0,2024-11-03,Sun,@,PHI,L,23,28,,16,31,51.6,155,0,5.0,2.1,39.0,2,14,18,60,2,3.3,51,215,4.22,0,0,1,1,5,238,9,4,1,14,3,10,1,2,4,17,1,2,3,21:48,JAX
9,10.0,10.0,10.0,2024-11-10,Sun,,MIN,L,7,12,,14,22,63.6,87,0,4.0,-0.14,33.7,3,24,18,56,1,3.1,43,143,3.33,0,0,1,1,5,274,5,4,1,10,5,11,0,0,3,25,1,2,3,17:41,JAX
10,11.0,11.0,11.0,2024-11-17,Sun,@,DET,L,6,52,,17,29,58.6,129,0,4.4,2.9,55.1,1,9,17,41,0,2.4,47,170,3.62,2,2,0,0,5,267,7,2,1,10,2,10,1,2,6,40,0,1,1,20:54,JAX
11,12.0,12.0,13.0,2024-12-01,Sun,,HOU,L,20,23,,24,42,57.1,276,2,6.6,6.45,83.0,0,0,25,97,0,3.9,67,373,5.57,3,2,0,0,4,191,13,5,1,19,5,15,2,2,4,30,0,1,1,27:43,JAX
12,13.0,13.0,14.0,2024-12-08,Sun,@,TEN,W,10,6,,23,31,74.2,220,0,7.1,4.19,66.6,1,0,26,71,1,2.7,58,291,5.02,1,1,1,1,4,198,11,5,0,16,6,13,1,1,5,39,0,2,2,28:16,JAX
13,14.0,14.0,15.0,2024-12-15,Sun,,NYJ,L,25,32,,31,46,67.4,285,2,6.2,5.11,80.4,2,9,29,136,0,4.7,77,421,5.47,4,4,1,1,2,94,13,10,4,27,8,15,0,0,8,106,0,2,2,34:24,JAX
14,15.0,15.0,16.0,2024-12-22,Sun,@,LVR,L,14,19,,25,39,64.1,236,1,6.1,6.56,89.3,1,11,21,72,1,3.4,61,308,5.05,0,0,2,2,7,275,9,5,1,15,6,15,1,2,8,60,2,0,2,25:42,JAX
15,16.0,16.0,17.0,2024-12-29,Sun,,TEN,W,20,13,,15,22,68.2,173,2,7.9,9.68,122.0,2,1,33,122,0,3.7,57,295,5.18,2,2,2,2,3,130,9,9,0,18,8,13,0,0,7,50,0,0,0,29:20,JAX
16,17.0,17.0,18.0,2025-01-05,Sun,@,IND,L,23,26,OT,20,32,62.5,206,1,6.4,5.66,78.4,2,19,34,113,1,3.3,68,319,4.69,3,3,2,2,4,200,10,9,0,19,5,14,0,1,4,57,0,1,1,30:51,JAX
17,,,,,,,,4-13,320,435,,343,546,62.8,3477,19,6.4,5.83,81.1,32,240,414,1729,13,4.2,992,5206,5.25,29,27,27,27,68,3359,174,106,18,298,76,204,14,26,99,787,9,15,24,461:03,JAX
0,1.0,1.0,1.0,2024-09-08,Sun,@,CHI,L,17,24,,19,32,59.4,104,1,3.3,1.06,49.5,3,23,26,140,1,5.4,61,244,4.0,1,1,2,2,6,268,6,9,1,16,3,14,1,2,8,50,1,2,3,34:54,TEN
1,2.0,2.0,2.0,2024-09-15,Sun,,NYJ,L,17,24,,19,28,67.9,170,1,6.1,5.18,81.0,4,22,28,130,1,4.6,60,300,5.0,1,1,2,2,5,226,7,9,4,20,5,12,0,1,5,45,1,1,2,29:57,TEN
2,3.0,3.0,3.0,2024-09-22,Sun,,GNB,L,14,30,,26,34,76.5,204,2,6.0,4.53,85.9,8,56,11,33,0,3.0,53,237,4.47,0,0,2,2,4,187,14,3,1,18,3,9,0,1,2,15,1,2,3,27:32,TEN
3,4.0,4.0,4.0,2024-09-30,Mon,@,MIA,W,31,12,,12,21,57.1,102,0,4.9,2.71,50.1,1,8,40,142,2,3.6,62,244,3.94,5,5,2,2,5,209,5,8,3,16,2,12,1,1,8,69,0,1,1,34:52,TEN
4,5.0,5.0,6.0,2024-10-13,Sun,,IND,L,17,20,,16,27,59.3,95,1,3.5,2.59,63.0,0,0,28,146,1,5.2,55,241,4.38,1,1,2,2,5,289,7,7,2,16,4,11,1,1,11,113,0,1,1,30:32,TEN
5,6.0,6.0,7.0,2024-10-20,Sun,@,BUF,L,10,34,,25,40,62.5,200,1,5.0,4.38,72.9,3,15,24,89,0,3.7,67,289,4.31,1,1,1,1,5,266,13,2,3,18,6,16,1,2,8,52,1,1,2,32:46,TEN
6,7.0,7.0,8.0,2024-10-27,Sun,@,DET,L,14,52,,22,38,57.9,258,1,6.8,4.95,65.5,1,8,32,158,1,4.9,71,416,5.86,0,0,2,2,6,296,12,9,2,23,3,11,1,2,8,60,2,2,4,35:37,TEN
7,8.0,8.0,9.0,2024-11-03,Sun,,NWE,W,20,17,OT,20,33,60.6,233,2,7.1,6.91,89.6,1,7,39,167,0,4.3,73,400,5.48,2,2,2,2,5,233,13,9,2,24,7,16,0,1,10,67,0,1,1,38:44,TEN
8,9.0,9.0,10.0,2024-11-10,Sun,@,LAC,L,17,27,,18,23,78.3,157,2,6.8,8.57,124.1,7,18,21,132,0,6.3,51,289,5.67,2,1,2,2,4,214,10,8,1,19,3,9,0,0,9,68,0,0,0,29:01,TEN
9,10.0,10.0,11.0,2024-11-17,Sun,,MIN,L,13,23,,17,31,54.8,261,1,8.4,7.61,80.2,5,34,19,33,0,1.7,55,294,5.35,2,2,1,1,5,241,8,3,0,11,6,15,0,2,13,91,0,1,1,27:29,TEN
10,11.0,11.0,12.0,2024-11-24,Sun,@,HOU,W,32,27,,18,25,72.0,237,2,9.5,9.28,111.6,8,41,33,132,1,4.0,66,369,5.59,3,3,3,3,5,250,8,8,3,19,4,14,1,1,6,35,2,1,3,34:29,TEN
11,12.0,12.0,13.0,2024-12-01,Sun,@,WAS,L,19,42,,18,37,48.6,210,2,5.7,6.76,84.3,2,2,11,35,0,3.2,50,245,4.9,2,2,1,1,4,213,9,1,2,12,5,12,0,1,12,93,2,0,2,19:47,TEN
12,13.0,13.0,14.0,2024-12-08,Sun,,JAX,L,6,10,,19,32,59.4,146,0,4.6,4.56,70.6,2,22,28,126,0,4.5,62,272,4.39,2,2,0,0,3,143,8,8,1,17,8,16,0,3,4,25,0,0,0,31:44,TEN
13,14.0,14.0,15.0,2024-12-15,Sun,,CIN,L,27,37,,29,38,76.3,291,2,7.7,3.97,75.5,1,7,26,83,2,3.2,65,374,5.75,0,0,3,3,1,67,13,9,3,25,5,8,0,0,12,110,2,4,6,31:29,TEN
14,15.0,15.0,16.0,2024-12-22,Sun,@,IND,L,30,38,,23,34,67.6,242,2,7.1,4.32,71.0,1,10,22,65,2,3.0,57,307,5.39,1,0,2,2,4,221,11,4,3,18,5,11,0,0,4,35,0,3,3,26:59,TEN
15,16.0,16.0,17.0,2024-12-29,Sun,@,JAX,L,13,20,,19,31,61.3,178,1,5.7,4.94,74.4,3,15,30,159,0,5.3,64,337,5.27,2,2,1,1,3,149,11,10,2,23,7,14,1,2,5,34,0,1,1,30:40,TEN
16,17.0,17.0,18.0,2025-01-05,Sun,,HOU,L,14,23,,16,26,61.5,229,1,8.8,9.58,102.9,2,16,32,85,0,2.7,60,314,5.23,2,2,0,0,5,219,9,5,0,14,5,15,2,3,7,68,1,0,1,29:59,TEN
17,,,,,,,,3-14,311,460,,336,530,63.4,3317,22,6.3,5.31,78.3,52,304,450,1855,11,4.1,1032,5172,5.01,27,25,28,28,75,3691,164,112,33,309,81,215,9,23,132,1030,13,21,34,526:31,TEN
0,1.0,1.0,1.0,2024-09-05,Thu,,BAL,W,27,20,,20,28,71.4,281,1,10.0,9.14,100.4,2,10,20,72,2,3.6,50,353,7.06,2,2,3,3,3,144,15,4,2,21,4,9,0,0,6,45,0,1,1,26:17,KAN
1,2.0,2.0,2.0,2024-09-15,Sun,,CIN,W,26,25,,18,25,72.0,137,2,5.5,3.48,78.2,2,14,32,149,0,4.7,59,286,4.85,2,2,2,2,2,112,7,9,3,19,1,8,2,2,4,44,1,2,3,28:31,KAN
2,3.0,3.0,3.0,2024-09-22,Sun,@,ATL,W,22,17,,26,39,66.7,217,2,5.6,5.44,87.2,0,0,33,128,0,3.9,72,345,4.79,3,3,2,1,3,145,13,9,0,22,6,14,1,1,6,61,0,1,1,34:57,KAN
3,4.0,4.0,4.0,2024-09-29,Sun,@,LAC,W,17,10,,19,29,65.5,228,1,7.9,7.0,86.6,3,17,26,101,1,3.9,58,329,5.67,2,1,2,2,4,200,8,6,2,16,9,16,0,0,5,40,1,1,2,29:08,KAN
4,5.0,5.0,5.0,2024-10-07,Mon,,NOR,W,26,13,,28,39,71.8,321,0,8.2,7.08,85.5,2,10,39,139,2,3.6,80,460,5.75,5,4,2,2,1,56,15,11,2,28,6,14,1,1,6,55,0,1,1,39:56,KAN
5,6.0,6.0,7.0,2024-10-20,Sun,@,SFO,W,28,18,,16,27,59.3,145,0,5.4,2.04,43.0,2,9,39,184,4,4.7,68,329,4.84,0,0,4,4,3,179,11,11,0,22,8,14,1,2,4,48,0,2,2,35:04,KAN
6,7.0,7.0,8.0,2024-10-27,Sun,@,LVR,W,27,20,,27,38,71.1,252,2,6.6,6.5,95.5,1,10,29,82,1,2.8,68,334,4.91,2,2,3,3,2,93,17,5,1,23,12,16,0,0,8,55,0,1,1,32:30,KAN
7,8.0,8.0,9.0,2024-11-04,Mon,,TAM,W,30,24,OT,34,44,77.3,260,3,5.9,7.27,113.8,4,31,35,124,1,3.5,83,384,4.63,1,1,3,3,4,171,19,9,0,28,12,18,1,1,3,30,1,0,1,40:42,KAN
8,9.0,9.0,10.0,2024-11-10,Sun,,DEN,W,16,14,,28,42,66.7,243,1,5.8,6.26,89.7,4,23,19,57,0,3.0,65,300,4.62,3,3,1,1,4,213,13,4,2,19,7,16,2,2,3,10,0,0,0,33:21,KAN
9,10.0,10.0,11.0,2024-11-17,Sun,@,BUF,L,21,30,,23,33,69.7,181,3,5.5,4.58,88.1,2,15,17,78,0,4.6,52,259,4.98,0,0,3,3,4,193,15,3,1,19,5,10,0,1,6,57,0,2,2,25:57,KAN
10,11.0,11.0,12.0,2024-11-24,Sun,@,CAR,W,30,27,,27,37,73.0,226,3,6.1,7.73,115.4,5,43,26,165,0,6.3,68,391,5.75,3,3,3,3,2,94,15,8,4,27,8,13,1,1,10,91,0,0,0,32:16,KAN
11,12.0,12.0,13.0,2024-11-29,Fri,,LVR,W,19,17,,26,46,56.5,266,1,5.8,6.22,80.5,5,40,16,63,0,3.9,67,329,4.91,5,4,1,1,5,217,14,2,2,18,7,16,0,0,7,40,0,0,0,28:48,KAN
12,13.0,13.0,14.0,2024-12-08,Sun,,LAC,W,19,17,,24,37,64.9,202,1,5.5,6.0,87.9,3,8,25,96,0,3.8,65,298,4.58,4,4,1,1,4,207,11,7,2,20,8,15,0,0,8,98,0,0,0,29:07,KAN
13,14.0,14.0,15.0,2024-12-15,Sun,@,CLE,W,21,7,,21,40,52.5,179,2,4.5,5.48,81.1,0,0,35,132,1,3.8,75,311,4.15,1,0,3,3,9,399,12,6,0,18,7,18,0,1,4,30,0,0,0,31:37,KAN
14,15.0,15.0,16.0,2024-12-21,Sat,,HOU,W,27,19,,28,41,68.3,251,1,6.1,6.61,92.6,1,9,28,124,2,4.4,70,375,5.36,2,2,3,3,2,90,14,8,3,25,7,13,1,2,2,20,0,0,0,33:52,KAN
15,16.0,16.0,17.0,2024-12-25,Wed,@,PIT,W,29,10,,29,38,76.3,320,3,8.4,10.0,127.1,0,0,20,69,1,3.5,58,389,6.71,1,1,3,2,5,269,16,4,0,20,3,10,1,1,9,90,0,0,0,28:38,KAN
16,17.0,17.0,18.0,2025-01-05,Sun,@,DEN,L,0,38,,10,17,58.8,71,0,4.2,4.18,68.5,5,27,11,27,0,2.5,33,98,2.97,1,0,0,0,5,245,4,0,1,5,1,9,1,2,3,15,0,0,0,18:11,KAN
17,,,,,,,,15-2,385,326,,404,600,67.3,3780,26,6.3,6.34,91.2,41,266,450,1790,15,4.0,1091,5570,5.11,37,32,39,37,62,3027,219,106,25,350,111,229,12,17,94,829,3,11,14,528:52,KAN
0,1.0,1.0,1.0,2024-09-08,Sun,,LVR,W,22,10,,17,26,65.4,140,1,5.4,6.15,91.8,1,4,27,176,1,6.5,54,316,5.85,3,3,1,1,7,332,6,5,0,11,4,15,0,0,7,50,0,0,0,28:16,LAC
1,2.0,2.0,2.0,2024-09-15,Sun,@,CAR,W,26,3,,14,20,70.0,130,2,6.5,6.25,100.0,1,0,44,219,1,5.0,65,349,5.37,2,2,3,2,3,129,8,10,3,21,9,16,0,0,3,15,1,1,2,36:18,LAC
2,3.0,3.0,3.0,2024-09-22,Sun,@,PIT,L,10,20,,14,20,70.0,105,1,5.3,6.25,99.0,5,44,20,61,0,3.1,45,166,3.69,1,1,1,1,7,350,7,3,0,10,3,11,0,0,7,69,0,0,0,26:09,LAC
3,4.0,4.0,4.0,2024-09-29,Sun,,KAN,L,10,17,,16,27,59.3,169,1,6.3,7.0,89.9,2,10,24,55,0,2.3,53,224,4.23,2,1,1,1,6,318,9,3,0,12,4,13,0,1,9,51,0,0,0,30:52,LAC
4,5.0,5.0,6.0,2024-10-13,Sun,@,DEN,W,23,16,,21,34,61.8,222,1,6.5,7.12,90.6,3,15,38,128,1,3.4,75,350,4.67,3,3,2,2,4,159,10,10,2,22,11,18,0,0,3,20,0,0,0,37:23,LAC
5,6.0,6.0,7.0,2024-10-21,Mon,@,ARI,L,15,17,,27,39,69.2,336,0,8.6,8.62,95.7,3,13,22,59,0,2.7,64,395,6.17,5,5,0,0,2,75,14,5,1,20,6,14,1,1,5,57,2,0,2,34:14,LAC
6,7.0,7.0,8.0,2024-10-27,Sun,,NOR,W,26,8,,20,32,62.5,256,2,8.0,9.25,108.3,3,23,29,122,1,4.2,64,378,5.91,2,2,3,2,6,344,12,6,1,19,3,12,0,1,4,34,0,0,0,31:08,LAC
7,8.0,8.0,9.0,2024-11-03,Sun,@,CLE,W,27,10,,18,27,66.7,246,2,9.1,10.59,120.3,6,36,23,96,2,4.2,56,342,6.11,1,0,4,3,7,330,10,3,0,13,5,14,1,1,5,35,0,0,0,25:51,LAC
8,9.0,9.0,10.0,2024-11-10,Sun,,TEN,W,27,17,,14,18,77.8,164,1,9.1,10.22,123.1,0,0,39,145,2,3.7,57,309,5.42,2,2,3,3,3,116,8,11,4,23,4,10,1,1,5,30,0,0,0,30:59,LAC
9,10.0,10.0,11.0,2024-11-17,Sun,,CIN,W,34,27,,17,36,47.2,280,2,7.8,8.89,92.4,2,17,25,155,2,6.2,63,435,6.9,2,2,4,4,6,280,14,7,3,24,3,11,1,1,5,50,1,0,1,25:52,LAC
10,11.0,11.0,12.0,2024-11-25,Mon,,BAL,L,23,30,,21,36,58.3,202,0,5.6,5.61,74.1,4,16,20,83,2,4.2,60,285,4.75,3,3,2,2,4,165,9,7,3,19,5,14,2,2,7,62,0,0,0,29:03,LAC
11,12.0,12.0,13.0,2024-12-01,Sun,@,ATL,W,17,13,,17,24,70.8,131,0,5.5,5.46,83.9,5,19,17,56,0,3.3,46,187,4.07,3,3,0,0,3,146,5,5,0,10,3,11,0,1,7,33,1,0,1,24:05,LAC
12,13.0,13.0,14.0,2024-12-08,Sun,@,KAN,L,17,19,,21,30,70.0,194,1,6.5,7.13,98.5,3,19,24,94,1,3.9,57,288,5.05,1,1,2,2,5,213,11,6,3,20,6,13,1,1,7,50,0,0,0,30:53,LAC
13,14.0,14.0,15.0,2024-12-15,Sun,,TAM,L,17,40,,22,34,64.7,174,2,5.1,4.97,84.7,3,25,11,32,0,2.9,48,206,4.29,1,1,2,2,3,141,10,1,3,14,0,6,0,2,7,60,1,1,2,23:12,LAC
14,15.0,15.0,16.0,2024-12-19,Thu,,DEN,W,34,27,,23,31,74.2,263,2,8.5,8.32,107.3,2,21,28,117,2,4.2,61,380,6.23,2,2,2,2,3,125,14,7,2,23,6,12,0,1,2,8,0,1,1,27:37,LAC
15,16.0,16.0,17.0,2024-12-28,Sat,@,NWE,W,40,7,,26,40,65.0,281,3,7.0,8.53,110.5,0,0,37,147,1,4.0,77,428,5.56,4,4,4,4,2,92,16,10,3,29,10,17,2,2,6,54,0,0,0,40:34,LAC
16,17.0,17.0,18.0,2025-01-05,Sun,@,LVR,W,34,20,,28,36,77.8,336,2,9.3,10.44,124.1,1,10,35,137,1,3.9,72,473,6.57,5,4,2,2,1,47,13,11,2,26,7,14,1,1,7,40,0,0,0,38:58,LAC
17,,,,,,,,11-6,402,301,,336,510,65.9,3629,23,7.1,7.75,99.2,44,272,463,1882,17,4.1,1017,5511,5.42,42,39,36,33,72,3362,176,110,30,316,89,221,10,16,96,718,6,3,9,521:24,LAC
0,1.0,1.0,1.0,2024-09-08,Sun,@,SEA,L,20,26,,26,42,61.9,132,0,3.1,1.0,46.9,2,6,25,99,1,4.0,69,231,3.35,3,3,1,1,8,389,6,7,0,13,5,18,1,1,8,60,1,2,3,31:14,DEN
1,2.0,2.0,2.0,2024-09-15,Sun,,PIT,L,6,13,,20,35,57.1,231,0,6.6,4.03,53.4,2,15,19,64,0,3.4,56,295,5.27,2,2,0,0,6,315,8,5,0,13,2,12,1,2,9,124,0,2,2,27:41,DEN
2,3.0,3.0,3.0,2024-09-22,Sun,@,TAM,W,26,7,,25,36,69.4,216,0,6.0,6.0,85.0,0,0,28,136,2,4.9,64,352,5.5,4,4,2,2,2,96,8,10,0,18,4,13,2,3,5,51,1,0,1,32:08,DEN
3,4.0,4.0,4.0,2024-09-29,Sun,@,NYJ,W,10,9,,12,25,48.0,60,1,2.4,3.2,67.9,0,0,31,126,0,4.1,56,186,3.32,2,1,1,1,8,339,3,8,1,12,3,14,0,0,5,74,1,0,1,28:16,DEN
4,5.0,5.0,5.0,2024-10-06,Sun,,LVR,W,34,18,,19,27,70.4,180,2,6.7,8.15,113.2,3,26,28,109,1,3.9,58,289,4.98,2,2,4,4,6,259,9,6,3,18,3,12,1,1,9,44,0,0,0,28:37,DEN
5,6.0,6.0,6.0,2024-10-13,Sun,,LAC,L,16,23,,19,33,57.6,206,2,6.2,6.09,83.6,2,10,18,110,0,6.1,53,316,5.96,1,1,1,1,5,233,10,7,0,17,3,11,2,2,7,37,1,1,2,22:37,DEN
6,7.0,7.0,7.0,2024-10-17,Thu,@,NOR,W,33,10,,16,26,61.5,164,0,6.3,6.31,79.6,0,0,35,225,2,6.4,61,389,6.38,4,4,3,3,3,129,8,13,1,22,4,11,0,0,7,47,1,0,1,33:16,DEN
7,8.0,8.0,8.0,2024-10-27,Sun,,CAR,W,28,14,,30,39,76.9,298,3,7.6,9.18,123.7,2,17,32,102,1,3.2,73,400,5.48,0,0,4,4,3,153,16,6,1,23,11,17,1,2,4,43,2,0,2,33:10,DEN
8,9.0,9.0,9.0,2024-11-03,Sun,@,BAL,L,10,41,,20,34,58.8,197,1,5.8,5.06,72.8,4,28,30,122,0,4.1,68,319,4.69,1,1,1,1,2,96,10,6,4,20,6,14,1,5,9,71,0,1,1,28:09,DEN
9,10.0,10.0,10.0,2024-11-10,Sun,@,KAN,L,14,16,,22,30,73.3,182,2,6.1,7.4,110.7,2,33,23,78,0,3.4,55,260,4.73,2,0,2,2,5,236,12,4,0,16,7,13,0,0,6,35,0,0,0,26:39,DEN
10,11.0,11.0,11.0,2024-11-17,Sun,,ATL,W,38,6,,28,33,84.8,295,4,8.9,11.36,143.5,1,12,26,105,1,4.0,60,400,6.67,1,1,5,5,3,135,14,7,1,22,6,11,1,1,4,45,0,0,0,30:05,DEN
11,12.0,12.0,12.0,2024-11-24,Sun,@,LVR,W,29,19,,25,42,59.5,262,2,6.2,7.19,93.6,1,11,22,63,0,2.9,65,325,5.0,5,5,2,2,4,192,13,5,1,19,6,15,0,0,6,58,0,0,0,31:11,DEN
12,13.0,13.0,13.0,2024-12-02,Mon,,CLE,W,41,32,,18,35,51.4,294,1,8.4,6.4,65.7,0,0,26,106,2,4.1,61,400,6.56,2,2,5,5,5,256,11,5,3,19,6,13,0,0,4,57,0,2,2,27:50,DEN
13,14.0,14.0,15.0,2024-12-15,Sun,,IND,W,31,13,,20,33,60.6,121,3,3.7,1.39,60.3,1,9,27,72,0,2.7,61,193,3.16,1,1,4,4,6,287,5,5,3,13,6,17,0,0,6,58,0,3,3,28:28,DEN
14,15.0,15.0,16.0,2024-12-19,Thu,@,LAC,L,27,34,,29,40,72.5,245,2,6.1,7.13,104.7,2,18,21,110,1,5.2,63,355,5.63,2,2,3,3,5,228,14,7,1,22,5,13,2,2,7,61,0,0,0,32:23,DEN
15,16.0,16.0,17.0,2024-12-28,Sat,@,CIN,L,24,30,OT,24,31,77.4,206,3,6.6,7.13,113.1,2,13,27,123,0,4.6,60,329,5.48,1,1,3,3,4,166,10,9,0,19,4,12,1,1,7,35,0,1,1,26:57,DEN
16,17.0,17.0,18.0,2025-01-05,Sun,,KAN,W,38,0,,26,29,89.7,321,4,11.1,13.83,152.4,0,0,43,158,1,3.7,72,479,6.65,1,1,5,5,2,88,15,14,0,29,10,14,2,2,5,41,0,0,0,41:49,DEN
17,,,,,,,,10-7,425,311,,379,570,66.5,3610,30,6.3,6.44,92.7,24,198,461,1908,12,4.1,1055,5518,5.23,34,31,46,46,77,3597,172,124,19,315,91,230,15,22,108,941,7,12,19,510:30,DEN
0,1.0,1.0,1.0,2024-09-08,Sun,@,LAC,L,10,22,,25,33,75.8,225,1,6.8,6.06,91.1,4,32,22,71,0,3.2,59,296,5.02,2,1,1,1,5,265,12,1,1,14,5,14,0,1,2,15,2,1,3,31:44,LVR
1,2.0,2.0,2.0,2024-09-15,Sun,@,BAL,W,26,23,,30,38,78.9,233,1,6.1,5.47,90.0,5,43,17,27,1,1.6,60,260,4.33,4,4,2,2,3,128,14,1,3,18,4,12,0,1,3,15,0,1,1,30:43,LVR
2,3.0,3.0,3.0,2024-09-22,Sun,,CAR,L,22,36,,27,40,67.5,276,2,6.9,6.78,93.3,3,20,16,55,1,3.4,59,331,5.61,1,0,2,2,5,261,15,3,2,20,3,11,1,3,6,54,0,1,1,23:58,LVR
3,4.0,4.0,4.0,2024-09-29,Sun,,CLE,W,20,16,,14,24,58.3,116,0,4.8,4.83,70.8,2,14,29,152,2,5.2,55,268,4.87,2,2,2,2,4,232,7,8,2,17,4,12,0,0,6,49,1,0,1,29:18,LVR
4,5.0,5.0,5.0,2024-10-06,Sun,@,DEN,L,18,34,,22,37,59.5,215,1,5.8,2.7,51.1,3,16,25,115,1,4.6,65,330,5.08,1,1,1,1,5,267,13,5,2,20,7,15,0,1,11,79,0,3,3,31:23,LVR
5,6.0,6.0,6.0,2024-10-13,Sun,,PIT,L,13,32,,27,40,67.5,218,1,5.5,4.83,79.0,1,9,19,57,1,3.0,60,275,4.58,0,0,1,1,4,170,11,5,0,16,2,11,1,3,4,42,2,1,3,28:09,LVR
6,7.0,7.0,7.0,2024-10-20,Sun,@,LAR,L,15,20,,21,44,47.7,195,0,4.4,1.36,31.9,2,11,29,122,0,4.2,75,317,4.23,5,5,0,0,4,190,12,7,1,20,3,15,1,1,10,80,1,3,4,33:48,LVR
7,8.0,8.0,8.0,2024-10-27,Sun,,KAN,L,20,27,,24,30,80.0,195,2,6.5,7.83,116.0,5,14,21,33,0,1.6,56,228,4.07,2,2,2,2,2,128,13,1,1,15,6,13,1,2,5,32,1,0,1,27:30,LVR
8,9.0,9.0,9.0,2024-11-03,Sun,@,CIN,L,24,41,,21,33,63.6,157,1,4.8,5.36,85.0,5,41,21,60,1,2.9,59,217,3.68,1,1,3,3,5,280,10,4,2,16,5,13,0,1,6,51,2,0,2,24:46,LVR
9,10.0,10.0,11.0,2024-11-17,Sun,@,MIA,L,19,34,,30,43,69.8,268,2,6.2,6.12,92.0,3,14,16,60,0,3.8,62,328,5.29,2,2,1,1,1,54,17,3,2,22,8,14,2,2,7,49,0,1,1,26:48,LVR
10,11.0,11.0,12.0,2024-11-24,Sun,,DEN,L,19,29,,31,53,58.5,300,1,5.7,5.19,72.8,5,28,16,69,0,4.3,74,369,4.99,4,4,1,1,4,190,15,4,2,21,4,14,2,2,4,44,1,1,2,28:49,LVR
11,12.0,12.0,13.0,2024-11-29,Fri,@,KAN,L,17,19,,23,35,65.7,318,2,9.1,10.23,113.7,3,22,25,116,0,4.6,63,434,6.89,4,1,2,2,3,140,13,7,0,20,3,12,0,1,9,101,1,0,1,31:12,LVR
12,13.0,13.0,14.0,2024-12-08,Sun,@,TAM,L,13,28,,23,37,62.2,195,0,5.3,4.05,64.6,2,10,25,91,1,3.6,64,286,4.47,2,2,1,1,4,177,8,7,1,16,4,13,3,3,3,31,1,1,2,31:30,LVR
13,14.0,14.0,15.0,2024-12-16,Mon,,ATL,L,9,15,,23,39,59.0,184,1,4.7,2.92,58.1,4,24,22,65,0,3.0,65,249,3.83,1,1,1,0,5,159,11,5,0,16,4,14,2,2,7,55,1,2,3,26:08,LVR
14,15.0,15.0,16.0,2024-12-22,Sun,,JAX,W,19,14,,24,38,63.2,245,0,6.4,6.45,81.6,2,12,27,69,2,2.6,67,314,4.69,3,2,1,1,6,285,13,7,1,21,4,14,0,0,7,62,0,0,0,34:18,LVR
15,16.0,16.0,17.0,2024-12-29,Sun,@,NOR,W,25,10,,20,35,57.1,232,2,6.6,7.77,96.4,1,10,38,156,0,4.1,74,388,5.24,4,4,2,1,4,198,14,7,1,22,10,18,0,0,3,20,0,0,0,37:50,LVR
16,17.0,17.0,18.0,2025-01-05,Sun,,LAC,L,20,34,,25,36,69.4,225,2,6.3,6.11,92.9,0,0,12,39,0,3.3,48,264,5.5,2,2,2,2,3,180,11,3,2,16,2,9,1,2,3,28,0,1,1,21:02,LVR
17,,,,,,,,4-13,309,434,,410,635,64.6,3797,19,6.0,5.44,80.3,50,320,380,1357,10,3.6,1065,5154,4.84,40,34,25,23,67,3304,209,78,23,310,78,224,14,25,96,807,13,16,29,498:56,LVR
0,1.0,1.0,1.0,2024-09-06,Fri,,GNB,W,34,29,,20,34,58.8,266,2,7.8,6.35,78.8,2,12,38,144,2,3.8,74,410,5.54,2,2,4,4,2,101,14,8,3,25,4,14,1,1,7,57,1,2,3,32:47,PHI
1,2.0,2.0,2.0,2024-09-16,Mon,,ATL,L,21,22,,23,30,76.7,179,1,6.0,5.13,88.1,1,4,37,186,1,5.0,68,365,5.37,2,2,1,1,2,93,12,10,0,22,6,13,2,3,9,53,0,1,1,35:39,PHI
2,3.0,3.0,3.0,2024-09-22,Sun,@,NOR,W,15,12,,29,38,76.3,288,0,7.6,6.39,86.3,4,23,25,172,2,6.9,67,460,6.87,1,0,1,1,2,43,11,8,1,20,6,14,1,3,7,45,1,1,2,32:15,PHI
3,4.0,4.0,4.0,2024-09-29,Sun,@,TAM,L,16,33,,18,30,60.0,114,1,3.8,4.47,79.0,6,44,20,113,1,5.7,56,227,4.05,0,0,2,2,5,282,6,9,1,16,6,13,1,2,5,41,2,0,2,23:43,PHI
4,5.0,5.0,6.0,2024-10-13,Sun,,CLE,W,20,16,,16,25,64.0,256,2,10.2,11.84,124.7,1,8,36,116,0,3.2,62,372,6.0,3,2,2,2,3,146,11,8,0,19,5,14,2,2,5,40,0,0,0,28:33,PHI
5,6.0,6.0,7.0,2024-10-20,Sun,@,NYG,W,28,3,,10,15,66.7,70,1,4.7,6.0,99.3,5,44,45,269,3,6.0,65,339,5.22,0,0,4,4,8,419,6,13,1,20,1,13,3,3,6,35,0,0,0,35:20,PHI
6,7.0,7.0,8.0,2024-10-27,Sun,@,CIN,W,37,17,,16,20,80.0,236,1,11.8,12.8,132.5,0,0,39,161,3,4.1,59,397,6.73,3,3,4,4,1,52,10,13,1,24,6,11,1,1,4,40,0,0,0,31:48,PHI
7,8.0,8.0,9.0,2024-11-03,Sun,,JAX,W,28,23,,18,24,75.0,210,2,8.8,10.42,128.8,3,20,46,237,2,5.2,73,447,6.12,2,1,1,1,3,146,11,9,1,21,9,17,0,2,8,67,1,0,1,38:12,PHI
8,9.0,9.0,10.0,2024-11-10,Sun,@,DAL,W,34,6,,15,22,68.2,161,2,7.3,7.09,100.8,5,46,38,187,2,4.9,65,348,5.35,2,2,4,4,4,208,9,11,4,24,4,11,1,1,7,49,1,1,2,34:01,PHI
9,10.0,10.0,11.0,2024-11-14,Thu,,WAS,W,26,18,,18,28,64.3,206,0,7.4,7.36,86.3,2,15,40,228,3,5.7,70,434,6.2,4,2,3,2,3,133,9,13,1,23,9,16,0,0,4,49,0,0,0,33:04,PHI
10,11.0,11.0,12.0,2024-11-24,Sun,@,LAR,W,37,20,,15,22,68.2,167,1,7.6,8.5,105.7,1,12,45,314,3,7.0,68,481,7.07,3,3,4,4,1,54,10,12,2,24,9,15,0,1,4,52,0,0,0,33:41,PHI
11,12.0,12.0,13.0,2024-12-01,Sun,@,BAL,W,24,19,,11,19,57.9,112,1,5.9,6.95,92.4,2,6,33,140,2,4.2,54,252,4.67,1,1,3,3,6,307,7,9,1,17,4,12,1,1,8,55,0,0,0,26:09,PHI
12,13.0,13.0,14.0,2024-12-08,Sun,,CAR,W,22,16,,14,21,66.7,83,2,4.0,5.86,105.9,4,25,31,209,1,6.7,56,292,5.21,1,0,2,2,4,172,7,11,0,18,7,12,0,0,7,40,0,0,0,26:27,PHI
13,14.0,14.0,15.0,2024-12-15,Sun,,PIT,W,27,13,,25,32,78.1,270,2,8.4,9.69,122.7,3,20,42,131,1,3.1,77,401,5.21,2,2,3,3,1,29,15,10,1,26,10,17,1,1,7,54,2,0,2,39:52,PHI
14,15.0,15.0,16.0,2024-12-22,Sun,@,WAS,L,33,36,,15,28,53.6,127,1,4.5,3.64,62.6,4,27,39,211,2,5.4,71,338,4.76,5,4,3,3,4,160,9,6,5,20,3,16,3,3,10,91,1,1,2,36:18,PHI
15,16.0,16.0,17.0,2024-12-29,Sun,,DAL,W,41,7,,13,19,68.4,197,3,10.4,13.53,141.9,0,0,42,179,1,4.3,61,376,6.16,2,2,5,5,3,148,6,11,3,20,6,13,1,1,4,25,0,0,0,32:49,PHI
16,17.0,17.0,18.0,2025-01-05,Sun,,NYG,W,20,13,,27,41,65.9,252,2,6.1,7.12,98.8,2,17,25,51,0,2.0,68,303,4.46,3,2,2,2,3,140,15,3,3,21,3,14,1,2,1,0,0,0,0,29:48,PHI
17,,,,,,,,14-3,463,303,,303,448,67.6,3194,24,7.1,7.6,100.4,45,323,621,3048,29,4.9,1114,6242,5.6,36,28,48,47,55,2633,168,164,28,360,98,235,19,27,103,793,9,6,15,550:26,PHI
0,1.0,1.0,1.0,2024-09-08,Sun,@,TAM,L,20,37,,17,24,70.8,161,0,6.7,6.71,89.1,2,23,30,138,3,4.6,56,299,5.34,2,0,2,2,3,139,7,12,3,22,2,8,1,1,7,51,0,0,0,26:19,WAS
1,2.0,2.0,2.0,2024-09-15,Sun,,NYG,W,21,18,,23,29,79.3,210,0,7.2,7.24,96.8,5,16,35,215,0,6.1,69,425,6.16,7,7,0,0,0,0,11,9,2,22,7,14,1,1,10,69,0,0,0,37:32,WAS
2,3.0,3.0,3.0,2024-09-23,Mon,@,CIN,W,38,33,,21,23,91.3,248,2,10.8,12.52,140.6,2,6,32,108,3,3.4,57,356,6.25,1,1,5,5,0,0,13,8,1,22,5,9,3,3,3,28,0,0,0,33:06,WAS
3,4.0,4.0,4.0,2024-09-29,Sun,@,ARI,W,42,14,,26,30,86.7,233,1,7.8,6.93,96.2,0,0,37,216,4,5.8,67,449,6.7,2,2,4,4,1,51,14,13,2,29,9,12,1,1,5,49,0,1,1,33:22,WAS
4,5.0,5.0,5.0,2024-10-06,Sun,,CLE,W,34,13,,15,28,53.6,219,1,7.8,6.93,76.3,3,17,34,215,3,6.3,65,434,6.68,2,2,4,4,4,192,8,10,1,19,8,17,2,2,5,31,1,1,2,31:18,WAS
5,6.0,6.0,6.0,2024-10-13,Sun,@,BAL,L,23,30,,24,35,68.6,253,2,7.2,8.37,108.4,3,16,18,52,0,2.9,56,305,5.45,4,3,2,2,3,127,16,1,1,18,4,12,1,1,6,46,0,0,0,23:52,WAS
6,7.0,7.0,7.0,2024-10-20,Sun,,CAR,W,40,7,,20,25,80.0,207,2,8.3,9.88,127.8,1,4,37,214,1,5.8,63,421,6.68,4,4,4,4,1,40,12,10,4,26,5,10,0,0,8,55,0,0,0,35:05,WAS
7,8.0,8.0,8.0,2024-10-27,Sun,,CHI,W,18,15,,21,38,55.3,313,1,8.2,8.76,91.2,2,13,32,168,0,5.3,72,481,6.68,5,4,0,0,5,214,15,6,2,23,5,15,0,0,5,30,0,0,0,32:16,WAS
8,9.0,9.0,9.0,2024-11-03,Sun,@,NYG,W,27,22,,15,22,68.2,209,2,9.5,11.32,128.8,0,0,38,149,1,3.9,60,358,5.97,2,2,3,3,2,109,8,11,2,21,5,12,2,2,5,52,0,0,0,28:00,WAS
9,10.0,10.0,10.0,2024-11-10,Sun,,PIT,L,27,28,,17,34,50.0,182,0,5.4,5.35,66.1,3,20,22,60,3,2.7,59,242,4.1,2,2,3,3,6,330,7,9,3,19,5,14,0,1,5,41,1,0,1,23:49,WAS
10,11.0,11.0,11.0,2024-11-14,Thu,@,PHI,L,18,26,,22,32,68.8,171,1,5.3,4.56,79.0,3,20,28,93,1,3.3,63,264,4.19,1,1,1,1,5,221,10,6,2,18,3,12,1,2,4,25,0,1,1,26:56,WAS
11,12.0,12.0,12.0,2024-11-24,Sun,,DAL,L,26,34,,25,38,65.8,267,2,7.0,5.71,81.8,4,8,25,145,1,5.8,67,412,6.15,3,2,2,0,6,247,11,8,0,19,4,12,0,0,8,78,1,2,3,24:48,WAS
12,13.0,13.0,13.0,2024-12-01,Sun,,TEN,W,42,19,,25,30,83.3,196,3,6.5,7.03,113.3,2,10,45,267,3,5.9,77,463,6.01,2,0,6,6,1,52,12,13,4,29,9,14,1,1,7,65,0,1,1,40:13,WAS
13,14.0,14.0,15.0,2024-12-15,Sun,@,NOR,W,20,19,,25,31,80.6,189,2,6.1,7.39,113.6,8,37,35,137,0,3.9,74,326,4.41,3,2,2,2,3,138,11,11,1,23,9,17,1,1,9,84,0,0,0,40:50,WAS
14,15.0,15.0,16.0,2024-12-22,Sun,,PHI,W,36,33,,24,39,61.5,255,5,6.5,6.79,98.8,1,3,24,113,0,4.7,64,368,5.75,0,0,4,4,2,92,13,7,3,23,7,13,2,3,6,93,3,2,5,23:42,WAS
15,16.0,16.0,17.0,2024-12-29,Sun,,ATL,W,30,24,OT,24,36,66.7,196,3,5.4,5.86,96.5,5,31,36,216,1,6.0,77,412,5.35,1,1,3,3,3,153,13,14,2,29,6,13,3,3,13,108,0,1,1,41:32,WAS
16,17.0,17.0,18.0,2025-01-05,Sun,@,DAL,W,23,19,,21,31,67.7,156,2,5.0,6.32,101.0,6,43,18,113,1,6.3,55,269,4.89,1,1,2,2,5,238,11,6,1,18,6,13,1,1,5,55,1,0,1,22:57,WAS
17,,,,,,,,12-5,485,391,,365,525,69.5,3665,29,7.0,7.31,100.4,50,267,526,2619,25,5.0,1101,6284,5.71,42,34,47,45,50,2343,192,154,34,380,99,217,20,23,111,960,7,9,16,525:37,WAS
0,1.0,1.0,1.0,2024-09-08,Sun,@,CLE,W,33,17,,19,32,59.4,163,1,5.1,5.72,83.2,3,16,25,102,1,4.1,60,265,4.42,4,4,3,3,6,294,8,7,0,15,4,14,0,0,11,85,0,0,0,29:06,DAL
1,2.0,2.0,2.0,2024-09-15,Sun,,NOR,L,19,44,,28,42,66.7,285,1,6.8,5.12,74.0,3,14,21,68,0,3.2,66,353,5.35,4,4,1,1,1,53,13,5,2,20,6,13,1,3,4,26,0,2,2,29:29,DAL
2,3.0,3.0,3.0,2024-09-22,Sun,,BAL,L,25,28,,28,51,54.9,361,2,7.1,7.86,90.4,3,18,16,51,1,3.2,70,412,5.89,2,2,1,1,4,209,18,2,6,26,7,13,0,1,6,44,1,0,1,25:15,DAL
3,4.0,4.0,4.0,2024-09-26,Thu,@,NYG,W,20,15,,22,27,81.5,213,2,7.9,9.37,124.2,1,8,23,80,0,3.5,51,293,5.75,3,2,2,2,3,165,9,5,0,14,3,10,1,1,11,89,0,0,0,24:23,DAL
4,5.0,5.0,5.0,2024-10-06,Sun,@,PIT,W,20,17,,29,42,69.0,336,2,8.0,6.81,89.0,2,16,31,109,0,3.5,75,445,5.93,3,2,2,2,1,45,14,9,2,25,9,15,1,1,11,87,1,2,3,32:29,DAL
5,6.0,6.0,6.0,2024-10-13,Sun,,DET,L,9,47,,25,44,56.8,198,0,4.5,1.43,39.8,4,26,17,53,0,3.1,65,251,3.86,3,3,0,0,2,93,10,2,4,16,3,13,1,4,4,30,2,3,5,25:17,DAL
6,7.0,7.0,8.0,2024-10-27,Sun,@,SFO,L,24,30,,25,38,65.8,236,2,6.2,4.89,78.4,2,7,19,56,1,2.9,59,292,4.95,1,1,3,3,4,194,13,3,2,18,4,12,1,2,6,30,0,2,2,26:48,DAL
7,8.0,8.0,9.0,2024-11-03,Sun,@,ATL,L,21,27,,31,50,62.0,241,2,4.8,5.62,87.2,3,7,21,137,0,6.5,74,378,5.11,2,2,1,1,3,139,13,9,1,23,3,13,1,5,9,55,0,0,0,30:40,DAL
8,9.0,9.0,10.0,2024-11-10,Sun,,PHI,L,6,34,,17,29,58.6,49,0,1.7,0.14,49.1,3,17,24,97,0,4.0,56,146,2.61,2,2,0,0,6,304,4,5,2,11,3,14,2,2,5,40,4,1,5,25:59,DAL
9,10.0,10.0,11.0,2024-11-18,Mon,,HOU,L,10,34,,33,56,58.9,324,1,5.8,5.34,73.8,5,34,18,64,0,3.6,79,388,4.91,2,1,1,1,2,82,17,3,4,24,5,15,0,4,9,66,1,1,2,29:23,DAL
10,11.0,11.0,12.0,2024-11-24,Sun,@,WAS,W,34,26,,24,32,75.0,241,2,7.5,8.78,116.8,1,6,28,91,0,3.3,61,332,5.44,4,2,4,4,6,238,12,3,4,19,2,11,0,0,4,20,1,0,1,35:12,DAL
11,12.0,12.0,13.0,2024-11-28,Thu,,NYG,W,27,20,,21,36,58.3,195,1,5.4,5.97,82.5,0,0,32,122,1,3.8,68,317,4.66,2,2,3,3,5,236,10,7,4,21,7,15,0,1,6,48,0,0,0,31:36,DAL
12,13.0,13.0,14.0,2024-12-09,Mon,,CIN,L,20,27,,16,31,51.6,166,2,5.4,5.19,75.5,3,17,25,156,0,6.2,59,322,5.46,2,2,2,2,4,198,9,7,1,17,4,12,1,2,4,36,1,1,2,26:49,DAL
13,14.0,14.0,15.0,2024-12-15,Sun,@,CAR,W,30,14,,18,29,62.1,199,3,6.9,8.93,116.9,1,15,40,211,0,5.3,70,410,5.86,4,3,3,3,2,113,11,12,1,24,6,12,0,0,14,99,1,0,1,33:46,DAL
14,15.0,15.0,16.0,2024-12-22,Sun,,TAM,W,26,24,,26,35,74.3,286,1,8.2,8.74,107.6,1,6,20,31,1,1.6,56,317,5.66,4,4,2,2,5,246,12,2,1,15,5,15,0,0,5,30,0,0,0,27:12,DAL
15,16.0,16.0,17.0,2024-12-29,Sun,@,PHI,L,7,41,,16,29,55.2,141,1,4.9,2.45,51.1,1,7,30,127,0,4.2,60,268,4.47,1,0,1,1,4,198,7,8,1,16,6,14,0,0,8,69,2,2,4,27:11,DAL
16,17.0,17.0,18.0,2025-01-05,Sun,,WAS,L,19,23,,20,34,58.8,228,0,6.7,6.71,79.0,2,16,39,150,1,3.8,75,378,5.04,4,4,1,1,4,198,12,9,2,23,7,17,1,2,11,67,0,0,0,37:03,DAL
17,,,,,,,,7-10,350,468,,398,637,62.5,3862,23,6.1,5.8,82.3,38,230,429,1705,6,4.0,1104,5567,5.04,47,40,30,30,62,3005,192,98,37,327,84,228,10,28,128,921,14,14,28,497:38,DAL
0,1.0,1.0,1.0,2024-09-08,Sun,,MIN,L,6,28,,22,42,52.4,166,0,4.0,1.81,42.4,5,20,21,74,0,3.5,68,240,3.53,2,2,0,0,6,277,8,5,1,14,7,18,1,3,9,95,0,2,2,32:26,NYG
1,2.0,2.0,2.0,2024-09-15,Sun,@,WAS,L,18,21,,16,28,57.1,175,2,6.3,7.68,99.6,1,3,22,129,1,5.9,51,304,5.96,0,0,1,0,2,87,11,5,2,18,4,8,1,2,5,20,1,0,1,22:28,NYG
2,3.0,3.0,3.0,2024-09-22,Sun,@,CLE,W,21,15,,24,35,68.6,228,2,6.5,7.66,105.4,2,8,32,112,1,3.5,69,340,4.93,1,0,3,3,7,361,13,7,1,21,4,14,1,1,9,68,2,0,2,33:56,NYG
3,4.0,4.0,4.0,2024-09-26,Thu,,DAL,L,15,20,,29,40,72.5,277,0,6.9,5.8,80.9,1,4,24,26,0,1.1,65,303,4.66,5,5,0,0,1,44,12,4,0,16,5,16,3,4,4,35,0,1,1,35:37,NYG
4,5.0,5.0,5.0,2024-10-06,Sun,@,SEA,W,29,20,,23,34,67.6,245,2,7.2,8.38,108.1,3,12,34,175,0,5.1,71,420,5.92,3,3,2,2,4,186,14,8,2,24,7,16,0,1,2,20,1,0,1,37:22,NYG
5,6.0,6.0,6.0,2024-10-13,Sun,,CIN,L,7,17,,22,41,53.7,190,0,4.6,3.54,55.9,2,15,31,119,1,3.8,74,309,4.18,2,0,1,1,4,187,10,11,3,24,5,15,3,5,2,9,0,1,1,34:07,NYG
6,7.0,7.0,7.0,2024-10-20,Sun,,PHI,L,3,28,,17,29,58.6,43,0,1.5,1.48,63.4,8,62,18,76,0,4.2,55,119,2.16,1,1,0,0,11,517,6,4,0,10,3,14,0,0,5,35,0,0,0,24:40,NYG
7,8.0,8.0,8.0,2024-10-28,Mon,@,PIT,L,18,26,,24,38,63.2,237,0,6.2,5.05,69.7,4,27,25,157,1,6.3,67,394,5.88,4,4,0,0,4,192,10,6,1,17,5,15,1,1,11,65,1,1,2,30:42,NYG
8,9.0,9.0,9.0,2024-11-03,Sun,,WAS,L,22,27,,20,26,76.9,162,2,6.2,7.77,117.8,2,12,31,164,1,5.3,59,326,5.53,1,1,1,1,2,92,10,12,3,25,6,11,2,2,4,51,1,0,1,32:00,NYG
9,10.0,10.0,10.0,2024-11-10,Sun,@,CAR,L,17,20,OT,22,37,59.5,175,0,4.7,2.3,48.8,2,15,34,167,2,4.9,73,342,4.68,2,1,2,2,5,204,12,11,1,24,7,15,0,0,3,15,1,2,3,34:29,NYG
10,11.0,11.0,12.0,2024-11-24,Sun,,TAM,L,7,30,,22,32,68.8,169,0,5.3,5.28,81.4,4,23,20,76,1,3.8,56,245,4.38,0,0,1,1,4,168,11,5,1,17,5,11,0,2,4,42,1,0,1,26:01,NYG
11,12.0,12.0,13.0,2024-11-28,Thu,@,DAL,L,20,27,,21,32,65.6,131,0,4.1,2.69,60.8,6,47,21,116,2,5.5,59,247,4.19,2,2,2,2,5,228,8,7,2,17,3,12,1,1,13,98,1,1,2,28:24,NYG
12,13.0,13.0,14.0,2024-12-08,Sun,,NOR,L,11,14,,21,49,42.9,213,0,4.3,3.43,47.4,2,14,23,112,1,4.9,74,325,4.39,2,1,0,0,8,299,12,4,0,16,5,19,2,4,12,112,0,1,1,28:11,NYG
13,14.0,14.0,15.0,2024-12-15,Sun,,BAL,L,14,35,,22,37,59.5,181,1,4.9,4.22,69.8,3,10,20,55,1,2.8,60,236,3.93,0,0,2,2,3,118,8,3,8,19,2,12,3,5,6,44,0,1,1,31:02,NYG
14,15.0,15.0,16.0,2024-12-22,Sun,@,ATL,L,7,34,,22,39,56.4,189,1,4.8,3.05,56.5,3,21,13,45,0,3.5,55,234,4.25,0,0,1,1,5,210,11,3,0,14,3,9,0,1,10,85,1,2,3,25:32,NYG
15,16.0,16.0,17.0,2024-12-29,Sun,,IND,W,45,33,,17,23,73.9,309,4,13.4,16.91,155.3,0,0,30,80,1,2.7,53,389,7.34,1,1,6,6,3,146,10,3,2,15,7,13,0,1,7,94,0,0,0,26:37,NYG
16,17.0,17.0,18.0,2025-01-05,Sun,@,PHI,L,13,20,,22,29,75.9,138,1,4.8,3.9,82.3,0,0,25,100,0,4.0,54,238,4.41,2,2,1,1,3,120,4,6,0,10,4,14,2,4,6,40,0,1,1,30:12,NYG
17,,,,,,,,3-14,273,415,,366,591,61.9,3228,15,5.5,4.98,75.7,48,293,424,1783,13,4.2,1063,5011,4.71,28,23,23,22,77,3436,170,104,27,301,82,232,20,37,112,928,10,13,23,513:46,NYG
0,1.0,1.0,1.0,2024-09-08,Sun,,LAR,W,26,20,OT,18,28,64.3,200,1,7.1,6.25,82.4,2,17,31,163,2,5.3,61,363,5.95,2,2,2,2,4,230,7,12,2,21,6,13,1,1,6,56,0,1,1,29:45,DET
1,2.0,2.0,2.0,2024-09-15,Sun,,TAM,L,16,20,,35,56,62.5,324,0,5.8,4.18,63.4,0,0,27,139,1,5.1,83,463,5.58,3,3,1,1,2,67,16,7,3,26,7,17,3,5,4,71,0,2,2,33:53,DET
2,3.0,3.0,3.0,2024-09-22,Sun,@,ARI,W,20,13,,18,23,78.3,186,2,8.1,7.87,111.2,2,13,43,187,1,4.3,68,373,5.49,0,0,3,2,5,247,11,12,0,23,6,12,0,1,9,79,0,1,1,36:49,DET
3,4.0,4.0,4.0,2024-09-30,Mon,,SEA,W,42,29,,19,19,100.0,273,3,14.4,17.53,158.3,3,26,28,116,3,4.1,50,389,7.78,0,0,6,6,3,140,12,8,1,21,3,6,0,0,12,101,0,0,0,25:56,DET
4,5.0,5.0,6.0,2024-10-13,Sun,@,DAL,W,47,9,,19,27,70.4,308,3,11.4,13.63,145.3,3,26,36,184,2,5.1,66,492,7.45,4,4,5,5,0,0,14,12,1,27,4,10,1,2,8,63,0,0,0,34:43,DET
5,6.0,6.0,7.0,2024-10-20,Sun,@,MIN,W,31,29,,22,25,88.0,247,2,9.9,11.48,134.5,4,33,27,144,2,5.3,56,391,6.98,1,1,4,4,4,219,15,3,1,19,4,10,0,1,8,49,1,0,1,29:03,DET
6,7.0,7.0,8.0,2024-10-27,Sun,,TEN,W,52,14,,15,19,78.9,61,4,3.2,7.42,119.6,4,33,24,164,2,6.8,47,225,4.79,1,1,7,7,5,305,9,5,3,17,3,9,0,0,3,29,0,0,0,24:23,DET
7,8.0,8.0,9.0,2024-11-03,Sun,@,GNB,W,24,14,,18,22,81.8,137,1,6.2,7.14,107.8,1,8,32,124,1,3.9,55,261,4.75,1,1,3,3,4,199,8,8,1,17,4,12,2,2,5,51,0,0,0,31:11,DET
8,9.0,9.0,10.0,2024-11-10,Sun,@,HOU,W,26,23,,15,30,50.0,240,2,8.0,1.83,59.7,0,0,32,105,1,3.3,62,345,5.56,2,2,2,2,4,188,11,7,1,19,7,12,0,0,4,61,0,5,5,27:32,DET
9,10.0,10.0,11.0,2024-11-17,Sun,,JAX,W,52,6,,27,33,81.8,449,4,13.6,16.03,158.3,0,0,43,196,3,4.6,76,645,8.49,1,1,7,7,0,0,22,14,2,38,6,10,3,3,4,46,0,0,0,39:06,DET
10,11.0,11.0,12.0,2024-11-24,Sun,@,IND,W,24,6,,26,36,72.2,253,0,7.0,7.03,91.6,3,16,33,137,3,4.2,72,390,5.42,1,1,3,3,4,192,15,10,1,26,9,15,0,1,5,45,0,0,0,37:01,DET
11,12.0,12.0,13.0,2024-11-28,Thu,,CHI,W,23,20,,21,34,61.8,211,2,6.2,7.38,99.0,2,10,33,194,0,5.9,69,405,5.87,4,3,2,2,2,100,12,10,3,25,5,14,1,1,6,79,1,0,1,35:14,DET
12,13.0,13.0,14.0,2024-12-05,Thu,,GNB,W,34,31,,32,41,78.0,280,3,6.8,7.2,109.3,1,3,34,111,1,3.3,76,391,5.14,2,2,4,4,2,92,18,7,2,27,7,15,4,5,7,56,0,1,1,36:06,DET
13,14.0,14.0,15.0,2024-12-15,Sun,,BUF,L,42,48,,38,59,64.4,473,5,8.0,9.71,117.4,3,21,15,48,1,3.2,77,521,6.77,1,0,6,6,3,167,27,3,0,30,6,13,3,3,5,41,1,0,1,27:18,DET
14,15.0,15.0,16.0,2024-12-22,Sun,@,CHI,W,34,17,,23,32,71.9,329,3,10.3,12.16,136.1,1,7,32,146,1,4.6,65,475,7.31,3,2,4,4,1,47,15,10,2,27,7,12,0,1,7,55,0,0,0,31:29,DET
15,16.0,16.0,17.0,2024-12-30,Mon,@,SFO,W,40,34,,26,34,76.5,287,3,8.4,10.21,130.4,2,16,33,152,2,4.6,69,439,6.36,2,2,4,2,0,0,16,7,0,23,9,14,2,3,6,57,0,0,0,34:52,DET
16,17.0,17.0,18.0,2025-01-05,Sun,,MIN,W,31,9,,27,33,81.8,216,1,6.5,4.42,78.8,2,15,31,178,3,5.7,66,394,5.97,1,1,4,4,2,102,14,9,1,24,5,12,2,4,8,49,0,2,2,36:12,DET
17,,,,,,,,15-2,564,342,,399,551,72.4,4474,39,8.1,8.56,110.8,33,244,534,2488,29,4.7,1118,6962,6.23,29,26,67,64,45,2295,242,144,24,410,98,206,22,33,107,988,3,12,15,550:33,DET
0,1.0,1.0,1.0,2024-09-08,Sun,@,NYG,W,28,6,,19,24,79.2,201,2,8.4,8.17,112.0,1,7,26,111,1,4.3,51,312,6.12,0,0,4,4,4,168,8,7,2,17,3,10,1,1,7,63,1,1,2,27:34,MIN
1,2.0,2.0,2.0,2024-09-15,Sun,,SFO,W,23,17,,17,26,65.4,257,2,9.9,9.69,107.4,4,11,24,146,0,6.1,54,403,7.46,3,3,2,2,3,151,9,8,0,17,7,12,0,0,7,53,1,1,2,25:12,MIN
2,3.0,3.0,3.0,2024-09-22,Sun,,HOU,W,34,7,,17,28,60.7,156,4,5.6,8.43,115.5,4,25,28,118,0,4.2,60,274,4.57,2,2,4,4,4,193,12,5,2,19,6,13,1,1,5,30,0,0,0,29:18,MIN
3,4.0,4.0,4.0,2024-09-29,Sun,@,GNB,W,31,29,,20,28,71.4,254,3,9.1,9.61,120.2,2,21,34,120,1,3.5,64,374,5.84,1,1,4,4,5,225,11,8,3,22,4,11,0,1,7,55,2,1,3,32:15,MIN
4,5.0,5.0,5.0,2024-10-06,Sun,,NYJ,W,23,17,,15,32,46.9,171,0,5.3,3.94,50.4,4,32,30,82,1,2.7,66,253,3.83,3,3,2,2,4,185,8,4,5,17,4,13,0,1,11,80,1,1,2,30:37,MIN
5,6.0,6.0,7.0,2024-10-20,Sun,,DET,L,29,31,,22,27,81.5,244,1,9.0,8.11,101.2,4,15,21,139,1,6.6,52,383,7.37,3,3,2,2,3,145,10,4,2,16,4,10,0,0,8,59,0,1,1,30:57,MIN
6,7.0,7.0,8.0,2024-10-24,Thu,@,LAR,L,20,30,,18,25,72.0,212,2,8.5,10.08,124.1,3,28,22,64,0,2.9,50,276,5.52,2,2,2,2,3,151,14,3,0,17,2,7,0,0,9,50,0,0,0,26:23,MIN
7,8.0,8.0,9.0,2024-11-03,Sun,,IND,W,21,13,,29,35,82.9,282,3,8.1,7.2,105.0,4,30,32,133,0,4.2,71,415,5.85,2,0,3,3,2,83,17,10,2,29,6,12,1,1,3,41,1,2,3,36:54,MIN
8,9.0,9.0,10.0,2024-11-10,Sun,@,JAX,W,12,7,,24,38,63.2,233,0,6.1,2.58,47.4,1,8,43,169,0,3.9,82,402,4.9,4,4,0,0,2,72,15,10,3,28,5,14,1,1,6,40,0,3,3,42:19,MIN
9,10.0,10.0,11.0,2024-11-17,Sun,@,TEN,W,23,13,,20,32,62.5,236,2,7.4,8.63,105.7,2,10,33,82,1,2.5,67,318,4.75,1,1,3,2,5,222,12,5,7,24,5,14,0,0,3,35,1,0,1,32:31,MIN
10,11.0,11.0,12.0,2024-11-24,Sun,@,CHI,W,30,27,OT,23,35,65.7,328,2,9.4,10.51,114.9,3,16,27,124,1,4.6,65,452,6.95,3,3,3,3,4,167,13,7,2,22,6,13,0,1,5,45,1,0,1,33:26,MIN
11,12.0,12.0,13.0,2024-12-01,Sun,,ARI,W,23,22,,21,31,67.7,205,2,6.6,7.9,107.6,5,30,15,68,0,4.5,51,273,5.35,4,3,2,2,2,110,13,4,2,19,1,8,1,1,3,56,1,0,1,24:11,MIN
12,13.0,13.0,14.0,2024-12-08,Sun,,ATL,W,42,21,,22,28,78.6,318,5,11.4,14.93,153.6,4,29,24,115,1,4.8,56,433,7.73,1,0,6,6,2,102,15,5,3,23,8,12,0,0,6,35,0,0,0,28:25,MIN
13,14.0,14.0,15.0,2024-12-16,Mon,,CHI,W,30,12,,24,40,60.0,215,1,5.4,4.75,72.4,2,16,29,114,2,3.9,71,329,4.63,3,3,3,3,3,104,14,8,2,24,7,14,0,1,10,56,0,1,1,29:54,MIN
14,15.0,15.0,16.0,2024-12-22,Sun,@,SEA,W,27,24,,22,35,62.9,217,3,6.2,7.91,108.9,3,29,24,81,0,3.4,62,298,4.81,2,2,3,3,6,300,12,5,2,19,3,12,1,1,7,70,0,0,0,30:41,MIN
15,16.0,16.0,17.0,2024-12-29,Sun,,GNB,W,27,25,,33,43,76.7,372,3,8.7,9.0,115.6,1,5,26,69,0,2.7,70,441,6.3,4,2,3,3,2,71,20,4,2,26,6,12,0,0,7,47,0,1,1,35:30,MIN
16,17.0,17.0,18.0,2025-01-05,Sun,@,DET,L,9,31,,18,41,43.9,142,0,3.5,3.46,53.1,2,24,19,120,0,6.3,62,262,4.23,4,3,0,0,3,155,7,3,4,14,3,13,0,3,6,30,0,0,0,23:48,MIN
17,,,,,,,,14-3,432,332,,364,548,66.4,4043,35,7.4,7.67,100.3,49,336,457,1855,9,4.1,1054,5898,5.6,42,35,46,45,57,2604,210,100,43,353,80,200,6,13,110,845,9,12,21,519:55,MIN
0,1.0,1.0,1.0,2024-09-06,Fri,@,PHI,L,29,34,,17,35,48.6,251,2,7.2,7.03,79.6,2,9,21,163,1,7.8,58,414,7.14,4,3,2,2,2,74,9,7,3,19,3,11,1,1,10,71,0,1,1,27:13,GNB
1,2.0,2.0,2.0,2024-09-15,Sun,,IND,W,16,10,,12,14,85.7,122,1,8.7,10.14,126.8,0,0,53,261,0,4.9,67,383,5.72,4,3,1,1,3,139,6,13,0,19,10,17,0,0,6,50,1,0,1,40:11,GNB
2,3.0,3.0,3.0,2024-09-22,Sun,@,TEN,W,30,14,,13,19,68.4,190,1,10.0,11.05,118.3,3,12,37,188,1,5.1,59,378,6.41,3,3,3,3,5,244,6,9,1,16,5,14,0,0,10,75,0,0,0,32:28,GNB
3,4.0,4.0,4.0,2024-09-29,Sun,,MIN,L,29,31,,32,54,59.3,379,4,7.0,6.0,82.3,1,10,19,86,0,4.5,74,465,6.28,2,0,3,3,3,180,19,3,2,24,4,12,0,2,8,68,1,3,4,27:45,GNB
4,5.0,5.0,5.0,2024-10-06,Sun,@,LAR,W,24,19,,15,26,57.7,202,2,7.8,7.58,92.1,2,22,30,126,1,4.2,58,328,5.66,1,1,3,3,5,186,8,9,2,19,1,8,0,0,7,39,0,1,1,27:19,GNB
5,6.0,6.0,6.0,2024-10-13,Sun,,ARI,W,34,13,,22,32,68.8,258,4,8.1,9.16,119.5,0,0,38,179,0,4.7,70,437,6.24,3,2,4,4,1,46,15,9,3,27,7,12,1,1,5,40,0,1,1,36:35,GNB
6,7.0,7.0,7.0,2024-10-20,Sun,,HOU,W,24,22,,24,33,72.7,195,3,5.9,5.0,92.4,3,25,20,82,0,4.1,56,277,4.95,1,1,3,3,5,284,12,4,2,18,4,10,0,0,8,55,1,2,3,28:43,GNB
7,8.0,8.0,8.0,2024-10-27,Sun,@,JAX,W,30,27,,18,27,66.7,252,1,9.3,8.41,93.4,1,0,39,170,2,4.4,67,422,6.3,3,3,3,3,5,241,11,8,3,22,3,11,0,0,3,20,0,1,1,34:09,GNB
8,9.0,9.0,9.0,2024-11-03,Sun,,DET,L,14,24,,23,39,59.0,273,0,7.0,5.85,69.7,0,0,23,138,1,6.0,62,411,6.63,3,2,0,0,2,84,10,7,3,20,3,12,2,3,10,67,0,1,1,28:49,GNB
9,10.0,10.0,11.0,2024-11-17,Sun,@,CHI,W,20,19,,13,17,76.5,260,1,15.3,13.82,113.0,1,1,25,106,2,4.2,43,366,8.51,0,0,2,2,1,47,10,8,1,19,1,5,0,1,3,25,0,1,1,23:39,GNB
10,11.0,11.0,12.0,2024-11-24,Sun,,SFO,W,38,10,,13,23,56.5,156,2,6.8,8.52,106.4,2,7,42,169,3,4.0,67,325,4.85,1,1,5,5,4,195,9,12,1,22,6,13,1,2,5,40,0,0,0,36:43,GNB
11,12.0,12.0,13.0,2024-11-28,Thu,,MIA,W,30,17,,21,28,75.0,274,2,9.8,11.21,129.2,0,0,25,114,1,4.6,53,388,7.32,3,3,3,3,4,172,11,7,1,19,5,11,0,0,7,44,0,0,0,26:56,GNB
12,13.0,13.0,14.0,2024-12-05,Thu,@,DET,L,31,34,,12,20,60.0,199,1,10.0,10.95,110.2,1,7,24,99,3,4.1,45,298,6.62,1,1,4,4,3,125,7,7,3,17,1,5,0,0,7,59,1,0,1,23:54,GNB
13,14.0,14.0,15.0,2024-12-15,Sun,@,SEA,W,30,13,,20,27,74.1,229,2,8.5,9.96,123.8,0,0,34,140,1,4.1,61,369,6.05,3,3,3,3,4,170,10,8,3,21,5,12,0,1,5,27,1,0,1,32:58,GNB
14,15.0,15.0,16.0,2024-12-23,Mon,,NOR,W,34,0,,17,30,56.7,216,1,7.2,7.87,90.4,0,0,39,188,3,4.8,69,404,5.86,2,2,4,4,2,93,10,14,0,24,6,13,3,3,6,60,0,0,0,37:13,GNB
15,16.0,16.0,17.0,2024-12-29,Sun,@,MIN,L,25,27,,19,30,63.3,167,1,5.6,6.23,89.2,3,18,24,104,2,4.3,57,271,4.75,1,1,2,2,4,169,11,4,2,17,8,14,0,1,7,51,1,0,1,24:30,GNB
16,17.0,17.0,18.0,2025-01-05,Sun,,CHI,L,22,24,,17,25,68.0,184,0,7.4,7.36,89.4,3,21,33,183,2,5.5,61,367,6.02,3,3,1,1,3,133,7,13,0,20,3,10,0,1,5,45,2,0,2,30:56,GNB
17,,,,,,,,11-6,460,338,,308,479,64.3,3807,28,7.9,8.08,98.7,22,132,526,2496,23,4.7,1027,6303,6.14,38,32,46,46,56,2582,171,142,30,343,75,190,8,16,112,836,8,11,19,520:01,GNB
0,1.0,1.0,1.0,2024-09-08,Sun,,TEN,W,24,17,,14,29,48.3,64,0,2.2,2.21,54.8,2,29,22,84,0,3.8,53,148,2.79,3,3,1,1,6,270,5,6,0,11,2,13,2,2,7,55,1,0,1,25:06,CHI
1,2.0,2.0,2.0,2024-09-15,Sun,@,HOU,L,13,19,,23,37,62.2,134,0,3.6,1.19,46.5,7,40,22,71,1,3.2,66,205,3.11,2,2,1,1,6,284,7,3,5,15,6,17,1,2,9,60,0,2,2,31:13,CHI
2,3.0,3.0,3.0,2024-09-22,Sun,@,IND,L,16,21,,33,52,63.5,332,2,6.4,5.42,78.4,4,31,28,63,0,2.3,84,395,4.7,2,1,1,1,3,127,18,4,4,26,9,21,4,5,4,25,1,2,3,35:01,CHI
3,4.0,4.0,4.0,2024-09-29,Sun,,LAR,W,24,18,,17,23,73.9,133,1,5.8,6.65,102.3,3,24,28,131,2,4.7,54,264,4.89,1,1,3,3,5,277,7,7,3,17,3,9,0,0,10,84,0,0,0,28:58,CHI
4,5.0,5.0,5.0,2024-10-06,Sun,,CAR,W,36,10,,20,29,69.0,296,2,10.2,11.59,125.1,1,8,39,128,3,3.3,69,424,6.14,1,1,4,3,4,178,12,11,1,24,4,11,0,1,5,46,0,0,0,33:48,CHI
5,6.0,6.0,6.0,2024-10-13,Sun,,JAX,W,35,16,,23,29,79.3,221,4,7.6,8.83,123.6,3,5,29,152,1,5.2,61,373,6.11,1,0,5,5,2,123,14,8,3,25,5,11,1,1,2,10,0,1,1,30:40,CHI
6,7.0,7.0,8.0,2024-10-27,Sun,@,WAS,L,15,18,,10,24,41.7,105,0,4.4,4.38,55.0,3,26,33,202,2,6.1,60,307,5.12,0,0,1,1,7,341,6,8,1,15,2,12,0,1,8,60,1,0,1,27:44,CHI
7,8.0,8.0,9.0,2024-11-03,Sun,@,ARI,L,9,29,,22,41,53.7,172,0,4.2,4.2,64.3,6,45,23,69,0,3.0,70,241,3.44,3,3,0,0,4,218,10,5,1,16,3,14,2,4,6,33,0,0,0,31:01,CHI
8,9.0,9.0,10.0,2024-11-10,Sun,,NWE,L,3,19,,16,30,53.3,69,0,2.3,2.3,59.0,9,51,20,73,0,3.7,59,142,2.41,1,1,0,0,8,335,6,4,1,11,1,14,2,4,5,25,0,0,0,27:32,CHI
9,10.0,10.0,11.0,2024-11-17,Sun,,GNB,L,19,20,,23,31,74.2,212,0,6.8,6.84,92.4,3,19,34,179,2,5.3,68,391,5.75,3,2,1,1,2,83,12,10,1,23,9,16,3,3,7,50,0,0,0,36:21,CHI
10,11.0,11.0,12.0,2024-11-24,Sun,,MIN,L,27,30,OT,32,48,66.7,320,2,6.7,7.5,99.3,3,20,22,78,1,3.5,73,398,5.45,3,2,1,1,6,292,14,6,0,20,6,17,2,3,7,80,1,0,1,34:24,CHI
11,12.0,12.0,13.0,2024-11-28,Thu,@,DET,L,20,23,,20,39,51.3,223,3,5.7,7.26,94.3,5,33,15,78,0,5.2,59,301,5.1,0,0,2,2,4,223,11,3,3,17,7,15,0,2,8,78,0,0,0,24:46,CHI
12,13.0,13.0,14.0,2024-12-08,Sun,@,SFO,L,13,38,,18,24,75.0,94,2,3.9,5.58,108.7,7,46,21,68,0,3.2,52,162,3.12,0,0,1,1,6,316,10,4,0,14,4,10,0,0,2,30,1,0,1,28:12,CHI
13,14.0,14.0,15.0,2024-12-16,Mon,@,MIN,L,12,30,,19,32,59.4,171,1,5.3,5.97,84.2,2,25,29,113,0,3.9,63,284,4.51,2,2,0,0,3,142,8,7,1,16,1,12,1,3,9,93,1,0,1,30:06,CHI
14,15.0,15.0,16.0,2024-12-22,Sun,,DET,L,17,34,,26,40,65.0,323,2,8.1,9.08,106.6,2,11,17,59,0,3.5,59,382,6.47,1,1,2,2,3,121,15,2,2,19,2,10,3,4,10,70,2,0,2,28:31,CHI
15,16.0,16.0,17.0,2024-12-26,Thu,,SEA,L,3,6,,16,28,57.1,76,0,2.7,1.11,47.3,7,46,23,103,0,4.5,58,179,3.09,1,1,0,0,7,327,7,4,0,11,5,15,1,2,4,23,0,1,1,30:20,CHI
16,17.0,17.0,18.0,2025-01-05,Sun,@,GNB,W,24,22,,21,30,70.0,141,1,4.7,3.87,77.2,1,7,26,83,1,3.2,57,224,3.93,1,1,3,3,6,254,10,5,1,16,7,14,1,1,7,45,1,1,2,29:04,CHI
17,,,,,,,,5-12,310,370,,353,566,62.4,3086,20,5.5,5.6,83.4,68,466,431,1734,13,4.0,1065,4820,4.53,25,21,26,25,82,3911,172,97,27,296,76,231,23,38,110,867,9,7,16,512:47,CHI
0,1.0,1.0,1.0,2024-09-08,Sun,,WAS,W,37,20,,24,30,80.0,280,4,9.3,12.0,145.1,1,9,30,112,0,3.7,61,392,6.43,3,3,4,4,1,38,15,4,3,22,9,13,0,0,7,46,0,0,0,33:41,TAM
1,2.0,2.0,2.0,2024-09-15,Sun,@,DET,W,20,16,,12,19,63.2,146,1,7.7,6.37,82.3,5,39,23,70,1,3.0,47,216,4.6,2,2,2,2,5,230,9,3,2,14,2,10,0,0,4,35,0,1,1,26:07,TAM
2,3.0,3.0,3.0,2024-09-22,Sun,,DEN,L,7,26,,25,33,75.8,132,1,4.0,3.24,79.4,7,31,16,91,0,5.7,56,223,3.98,0,0,1,1,4,189,11,4,2,17,3,11,0,2,5,19,1,1,2,27:52,TAM
3,4.0,4.0,4.0,2024-09-29,Sun,,PHI,W,33,16,,30,47,63.8,334,2,7.1,7.96,99.1,2,13,25,111,2,4.4,74,445,6.01,2,2,4,3,4,150,18,9,2,29,6,13,1,1,3,20,0,0,0,36:17,TAM
4,5.0,5.0,5.0,2024-10-03,Thu,@,ATL,L,30,36,OT,19,24,79.2,173,3,7.2,9.71,136.3,1,7,26,160,0,6.2,51,333,6.53,3,3,3,3,2,87,12,8,1,21,6,11,0,0,5,47,1,0,1,27:38,TAM
5,6.0,6.0,6.0,2024-10-13,Sun,@,NOR,W,51,27,,24,36,66.7,317,4,8.8,7.28,96.6,1,8,35,277,2,7.9,72,594,8.25,1,1,6,6,3,132,15,13,3,31,6,10,0,0,12,86,0,3,3,34:02,TAM
6,7.0,7.0,7.0,2024-10-21,Mon,,BAL,L,31,41,,31,45,68.9,356,3,7.9,7.24,96.2,3,14,30,125,1,4.2,78,481,6.17,2,1,2,2,2,93,19,7,2,28,11,17,1,1,8,75,0,2,2,35:05,TAM
7,8.0,8.0,8.0,2024-10-27,Sun,,ATL,L,26,31,,37,50,74.0,330,3,6.6,6.0,94.6,0,0,22,102,0,4.6,72,432,6.0,1,1,3,3,1,42,16,8,0,24,9,14,1,2,6,45,1,2,3,32:34,TAM
8,9.0,9.0,9.0,2024-11-04,Mon,@,KAN,L,24,30,OT,23,31,74.2,189,2,6.1,7.39,110.8,2,11,19,95,1,5.0,52,284,5.46,1,1,3,3,5,216,8,7,2,17,5,11,0,0,6,50,0,0,0,25:10,TAM
9,10.0,10.0,10.0,2024-11-10,Sun,,SFO,L,20,23,,18,29,62.1,105,1,3.6,4.31,80.4,2,11,27,110,1,4.1,58,215,3.71,2,2,2,2,6,273,8,6,4,18,5,14,1,1,5,42,0,0,0,28:12,TAM
10,11.0,11.0,12.0,2024-11-24,Sun,@,NYG,W,30,7,,24,30,80.0,294,0,9.8,9.8,107.5,0,0,32,157,4,4.9,62,451,7.27,1,1,4,3,2,80,12,10,2,24,6,11,1,2,4,29,1,0,1,33:59,TAM
11,12.0,12.0,13.0,2024-12-01,Sun,@,CAR,W,26,23,OT,22,34,64.7,209,1,6.1,4.09,66.9,4,31,39,236,1,6.1,77,445,5.78,5,4,2,2,5,228,14,11,2,27,2,12,1,1,7,54,0,2,2,39:31,TAM
12,13.0,13.0,14.0,2024-12-08,Sun,,LVR,W,28,13,,18,29,62.1,268,3,9.2,8.21,98.1,4,27,26,152,1,5.8,59,420,7.12,0,0,4,4,3,128,13,7,1,21,5,12,1,1,5,31,1,2,3,28:30,TAM
13,14.0,14.0,15.0,2024-12-15,Sun,@,LAC,W,40,17,,22,27,81.5,283,4,10.5,11.78,134.5,1,5,39,223,0,5.7,67,506,7.55,4,4,4,4,0,0,12,9,3,24,9,15,1,1,8,83,1,1,2,36:48,TAM
14,15.0,15.0,16.0,2024-12-22,Sun,@,DAL,L,24,26,,31,43,72.1,276,2,6.4,6.3,94.7,4,27,23,134,1,5.8,70,410,5.86,1,1,3,3,4,179,14,11,0,25,6,12,0,1,6,47,1,1,2,32:48,TAM
15,16.0,16.0,17.0,2024-12-29,Sun,,CAR,W,48,14,,27,32,84.4,349,5,10.9,14.03,151.7,2,10,40,202,0,5.1,74,551,7.45,2,2,6,6,1,52,17,14,2,33,10,14,0,0,5,40,0,0,0,41:11,TAM
16,17.0,17.0,18.0,2025-01-05,Sun,,NOR,W,27,19,,21,32,65.6,216,2,6.8,6.59,92.7,1,5,31,179,1,5.8,64,395,6.17,2,2,3,3,2,66,11,6,3,20,10,16,1,1,12,90,0,1,1,32:16,TAM
17,,,,,,,,10-7,502,385,,408,571,71.5,4257,41,7.5,7.63,105.0,40,248,483,2536,16,5.3,1094,6793,6.21,32,30,56,54,50,2183,224,137,34,395,110,216,9,14,108,839,7,16,23,551:41,TAM
0,1.0,1.0,1.0,2024-09-08,Sun,,PIT,L,10,18,,16,26,61.5,137,1,5.3,2.58,56.1,2,18,22,89,0,4.0,50,226,4.52,1,1,1,1,4,210,8,6,1,15,2,9,1,1,5,34,1,2,3,24:24,ATL
1,2.0,2.0,2.0,2024-09-16,Mon,@,PHI,W,22,21,,20,29,69.0,233,2,8.0,9.41,116.0,1,8,28,152,0,5.4,58,385,6.64,3,3,1,1,2,89,11,9,2,22,2,9,1,2,3,40,0,0,0,24:21,ATL
2,3.0,3.0,3.0,2024-09-22,Sun,,KAN,L,17,22,,20,29,69.0,229,1,7.9,7.03,89.6,2,1,25,82,1,3.3,56,311,5.55,1,1,2,2,3,162,11,4,4,19,2,9,1,3,6,44,0,1,1,25:03,ATL
3,4.0,4.0,4.0,2024-09-29,Sun,,NOR,W,26,24,,21,35,60.0,227,0,6.5,5.2,67.2,1,11,15,88,0,5.9,51,315,6.18,4,4,2,2,3,132,9,4,1,14,4,11,0,0,9,76,0,1,1,24:18,ATL
4,5.0,5.0,5.0,2024-10-03,Thu,,TAM,W,36,30,OT,42,59,71.2,477,4,8.1,8.68,110.6,4,32,18,73,0,4.1,81,550,6.79,5,3,3,3,1,35,24,2,2,28,6,14,2,3,8,74,0,1,1,33:37,ATL
5,6.0,6.0,6.0,2024-10-13,Sun,@,CAR,W,38,20,,19,30,63.3,225,1,7.5,8.17,97.2,0,0,38,198,3,5.2,68,423,6.22,3,3,3,3,1,52,11,13,1,25,6,12,0,0,5,45,1,0,1,30:40,ATL
6,7.0,7.0,7.0,2024-10-20,Sun,,SEA,L,14,34,,25,36,69.4,214,1,5.9,4.0,70.8,3,32,32,155,1,4.8,71,369,5.2,1,0,2,2,3,133,13,8,1,22,8,15,2,2,9,72,1,2,3,31:08,ATL
7,8.0,8.0,8.0,2024-10-27,Sun,@,TAM,W,31,26,,23,29,79.3,265,4,9.1,11.9,144.3,2,11,29,129,0,4.4,60,394,6.57,2,1,4,4,3,128,11,8,1,20,6,12,2,2,4,43,0,0,0,27:26,ATL
8,9.0,9.0,9.0,2024-11-03,Sun,,DAL,W,27,21,,19,24,79.2,210,3,8.8,11.25,142.7,2,12,30,100,1,3.3,56,310,5.54,0,0,3,3,5,245,12,5,0,17,4,13,2,2,4,26,1,0,1,29:20,ATL
9,10.0,10.0,10.0,2024-11-10,Sun,@,NOR,L,17,20,,23,38,60.5,287,0,7.6,6.37,73.0,3,19,32,181,2,5.7,73,468,6.41,4,1,2,2,3,144,12,9,4,25,5,14,1,2,6,45,0,1,1,35:07,ATL
10,11.0,11.0,11.0,2024-11-17,Sun,@,DEN,L,6,38,,20,31,64.5,176,0,5.7,4.23,66.1,4,21,21,50,0,2.4,56,226,4.04,2,2,0,0,5,250,10,2,1,13,4,13,2,2,6,52,0,1,1,29:55,ATL
11,12.0,12.0,13.0,2024-12-01,Sun,,LAC,L,13,17,,24,39,61.5,234,0,6.0,1.38,38.8,1,11,37,116,1,3.1,77,350,4.55,3,2,1,1,2,82,13,7,4,24,3,14,2,4,2,10,0,4,4,35:55,ATL
12,13.0,13.0,14.0,2024-12-08,Sun,@,MIN,L,21,42,,23,37,62.2,338,0,9.1,6.7,69.4,1,6,32,158,2,4.9,70,496,7.09,2,2,1,1,1,53,15,10,0,25,7,13,1,3,12,127,1,2,3,31:35,ATL
13,14.0,14.0,15.0,2024-12-16,Mon,@,LVR,W,15,9,,11,17,64.7,93,1,5.5,4.0,73.9,3,19,37,168,0,4.5,57,261,4.58,3,2,1,1,6,265,6,7,1,14,4,13,0,0,6,30,0,1,1,33:52,ATL
14,15.0,15.0,16.0,2024-12-22,Sun,,NYG,W,34,7,,18,27,66.7,202,0,7.5,5.81,73.4,0,0,38,127,2,3.3,65,329,5.06,3,2,4,4,2,88,10,11,1,22,8,14,0,0,3,30,0,1,1,34:28,ATL
15,16.0,16.0,17.0,2024-12-29,Sun,@,WAS,L,24,30,OT,19,35,54.3,211,1,6.0,5.31,70.1,2,12,23,126,2,5.5,60,337,5.62,2,1,3,3,3,141,11,8,4,23,2,10,2,2,4,25,0,1,1,25:46,ATL
16,17.0,17.0,18.0,2025-01-05,Sun,,CAR,L,38,44,OT,21,38,55.3,310,2,8.2,8.03,88.7,1,2,38,227,3,6.0,77,537,6.97,2,1,5,5,0,0,11,20,0,31,9,14,2,3,7,55,0,1,1,32:41,ATL
17,,,,,,,,8-9,389,423,,364,559,65.1,4068,21,7.3,6.5,85.0,32,215,495,2219,18,4.5,1086,6287,5.79,41,29,38,38,47,2209,198,133,28,359,82,209,21,31,99,828,5,19,24,509:36,ATL
0,1.0,1.0,1.0,2024-09-08,Sun,@,NOR,L,10,47,,13,31,41.9,135,0,4.4,1.45,28.3,4,26,20,58,1,2.9,55,193,3.51,1,1,1,1,5,191,7,2,2,11,1,10,1,3,6,80,1,2,3,23:21,CAR
1,2.0,2.0,2.0,2024-09-15,Sun,,LAC,L,3,26,,18,26,69.2,69,0,2.7,0.92,56.2,2,15,18,90,0,5.0,46,159,3.46,1,1,0,0,7,311,3,4,0,7,1,12,1,3,9,90,0,1,1,23:42,CAR
2,3.0,3.0,3.0,2024-09-22,Sun,@,LVR,W,36,22,,26,37,70.3,306,3,8.3,9.89,122.1,2,13,31,131,1,4.2,70,437,6.24,3,3,3,3,4,177,15,8,1,24,5,12,0,0,7,51,0,0,0,36:02,CAR
3,4.0,4.0,4.0,2024-09-29,Sun,,CIN,L,24,34,,25,41,61.0,220,2,5.4,5.24,81.4,0,0,29,155,1,5.3,70,375,5.36,1,1,3,3,2,102,12,10,2,24,7,14,1,3,6,37,0,1,1,31:02,CAR
4,5.0,5.0,5.0,2024-10-06,Sun,@,CHI,L,10,36,,22,35,62.9,172,0,4.9,3.63,63.0,4,22,19,120,1,6.3,58,292,5.03,2,1,1,1,4,206,9,4,1,14,3,12,1,3,4,18,2,1,3,26:12,CAR
5,6.0,6.0,6.0,2024-10-13,Sun,,ATL,L,20,38,,26,38,68.4,221,2,5.8,4.5,78.9,0,0,24,114,0,4.8,62,335,5.4,2,2,2,2,3,120,12,8,1,21,5,11,0,1,10,74,0,2,2,29:20,CAR
6,7.0,7.0,7.0,2024-10-20,Sun,@,WAS,L,7,40,,13,18,72.2,85,0,4.7,-0.28,42.4,2,4,23,95,1,4.1,43,180,4.19,0,0,1,1,5,252,5,5,0,10,3,10,0,1,6,59,0,2,2,24:55,CAR
7,8.0,8.0,8.0,2024-10-27,Sun,@,DEN,L,14,28,,24,38,63.2,215,2,5.7,4.34,73.9,2,9,20,69,0,3.5,60,284,4.73,0,0,2,2,5,247,11,3,2,16,5,14,1,4,8,49,0,2,2,26:50,CAR
8,9.0,9.0,9.0,2024-11-03,Sun,,NOR,W,23,22,,16,26,61.5,166,1,6.4,5.42,76.8,1,5,23,80,2,3.5,50,246,4.92,1,1,2,2,5,216,8,5,2,15,4,10,0,0,6,55,0,1,1,25:41,CAR
9,10.0,10.0,10.0,2024-11-10,Sun,,NYG,W,20,17,OT,15,25,60.0,118,1,4.7,5.52,85.1,1,8,32,188,1,5.9,58,306,5.28,2,2,2,2,7,337,6,8,1,15,6,15,0,0,10,87,1,0,1,27:38,CAR
10,11.0,11.0,12.0,2024-11-24,Sun,,KAN,L,27,30,,21,35,60.0,249,1,7.1,7.69,91.2,2,14,21,85,1,4.0,58,334,5.76,4,4,1,1,2,103,13,6,2,21,5,13,2,2,9,53,0,0,0,27:44,CAR
11,12.0,12.0,13.0,2024-12-01,Sun,,TAM,L,23,26,OT,26,46,56.5,289,1,6.3,6.72,82.6,1,9,21,78,1,3.7,68,367,5.4,5,3,2,2,5,192,14,3,2,19,6,16,0,0,7,62,1,0,1,27:39,CAR
12,13.0,13.0,14.0,2024-12-08,Sun,@,PHI,L,16,22,,19,34,55.9,184,1,5.4,4.68,68.7,1,7,34,118,1,3.5,69,302,4.38,1,1,2,1,2,90,11,7,2,20,7,16,3,5,7,43,0,1,1,33:33,CAR
13,14.0,14.0,15.0,2024-12-15,Sun,,DAL,L,14,30,,19,28,67.9,175,1,6.3,3.75,66.8,6,44,16,60,1,3.8,50,235,4.7,0,0,2,2,4,190,7,4,5,16,3,11,1,1,8,65,2,2,4,26:14,CAR
14,15.0,15.0,16.0,2024-12-22,Sun,,ARI,W,36,30,OT,17,26,65.4,149,2,5.7,7.27,106.1,3,9,36,243,3,6.8,65,392,6.03,1,1,4,3,5,223,9,11,2,22,6,14,2,2,9,64,0,0,0,33:18,CAR
15,16.0,16.0,17.0,2024-12-29,Sun,@,TAM,L,14,48,,15,28,53.6,165,2,5.9,7.32,95.1,5,38,13,39,0,3.0,46,204,4.43,1,0,2,2,6,226,10,2,1,13,2,9,0,1,4,30,0,0,0,18:49,CAR
16,17.0,17.0,18.0,2025-01-05,Sun,@,ATL,W,44,38,OT,26,35,74.3,270,3,7.7,9.43,124.7,0,0,30,155,3,5.2,65,425,6.54,1,1,5,5,3,155,16,9,0,25,7,12,1,1,2,30,0,0,0,34:05,CAR
17,,,,,,,,5-12,341,534,,341,547,62.3,3188,22,5.8,5.4,80.3,36,223,410,1878,18,4.6,993,5066,5.1,26,22,35,33,74,3338,168,99,26,293,76,211,14,30,118,947,7,15,22,476:05,CAR
0,1.0,1.0,1.0,2024-09-08,Sun,,CAR,W,47,10,,19,24,79.2,199,3,8.3,10.79,140.8,1,1,37,180,2,4.9,62,379,6.11,4,4,5,5,2,73,7,13,2,22,7,13,0,0,10,95,1,0,1,36:39,NOR
1,2.0,2.0,2.0,2024-09-15,Sun,@,DAL,W,44,19,,11,16,68.8,242,2,15.1,14.81,125.0,1,1,39,190,4,4.9,56,432,7.71,1,1,6,5,1,49,8,15,1,24,5,8,0,0,5,40,0,1,1,30:31,NOR
2,3.0,3.0,3.0,2024-09-22,Sun,,PHI,L,12,15,,14,25,56.0,130,1,5.2,4.2,67.1,1,12,29,89,0,3.1,55,219,3.98,2,2,0,0,4,162,7,5,0,12,6,13,0,1,3,25,0,1,1,27:45,NOR
3,4.0,4.0,4.0,2024-09-29,Sun,@,ATL,L,24,26,,28,36,77.8,235,0,6.5,5.28,82.3,1,4,33,131,3,4.0,70,366,5.23,1,1,3,3,3,120,11,12,2,25,7,13,1,2,6,60,1,1,2,35:42,NOR
4,5.0,5.0,5.0,2024-10-07,Mon,@,KAN,L,13,26,,20,35,57.1,174,2,5.0,4.83,77.6,1,8,15,46,0,3.1,51,220,4.31,0,0,2,1,4,199,11,1,2,14,4,10,0,2,5,70,0,1,1,20:04,NOR
5,6.0,6.0,6.0,2024-10-13,Sun,,TAM,L,27,51,,22,40,55.0,222,1,5.6,3.8,58.5,5,21,21,81,1,3.9,66,303,4.59,2,2,3,3,6,266,13,3,3,19,4,13,1,1,7,70,1,2,3,25:58,NOR
6,7.0,7.0,7.0,2024-10-17,Thu,,DEN,L,10,33,,28,39,71.8,174,1,4.5,4.97,89.0,6,36,21,97,0,4.6,66,271,4.11,1,1,1,1,6,267,7,6,2,15,5,17,3,4,5,35,2,0,2,26:44,NOR
7,8.0,8.0,8.0,2024-10-27,Sun,@,LAC,L,8,26,,22,42,52.4,249,0,5.9,5.93,70.4,5,32,21,117,0,5.6,68,366,5.38,3,2,0,0,9,437,9,4,2,15,2,16,1,1,7,66,0,0,0,28:52,NOR
8,9.0,9.0,9.0,2024-11-03,Sun,@,CAR,L,22,23,,18,32,56.3,230,1,7.2,7.81,89.3,1,6,41,197,1,4.8,74,427,5.77,3,3,1,1,4,169,12,11,2,25,5,15,2,3,10,109,0,0,0,34:19,NOR
9,10.0,10.0,10.0,2024-11-10,Sun,,ATL,W,20,17,,16,25,64.0,269,2,10.8,12.36,126.9,0,0,27,96,0,3.6,52,365,7.02,2,2,2,2,5,224,8,5,1,14,5,13,0,1,8,76,0,0,0,24:53,NOR
10,11.0,11.0,11.0,2024-11-17,Sun,,CLE,W,35,14,,22,29,75.9,259,2,8.9,8.76,111.1,1,7,28,214,3,7.6,58,473,8.16,0,0,5,5,3,110,11,8,0,19,5,10,1,1,5,41,1,1,2,30:38,NOR
11,12.0,12.0,13.0,2024-12-01,Sun,,LAR,L,14,21,,24,37,64.9,184,1,5.0,5.51,85.9,0,0,31,143,0,4.6,68,327,4.81,3,2,0,0,3,128,11,7,1,19,5,15,2,3,4,38,0,0,0,32:37,NOR
12,13.0,13.0,14.0,2024-12-08,Sun,@,NYG,W,14,11,,20,31,64.5,200,1,6.5,5.65,80.0,2,19,33,92,1,2.8,66,292,4.42,2,0,2,2,7,292,10,7,1,18,5,15,0,1,6,40,0,1,1,31:49,NOR
13,14.0,14.0,15.0,2024-12-15,Sun,,WAS,L,19,20,,15,32,46.9,176,2,5.5,5.34,71.9,3,29,16,69,0,4.3,51,245,4.8,2,2,1,1,4,187,11,3,3,17,3,11,1,1,4,36,0,1,1,19:10,NOR
14,15.0,15.0,16.0,2024-12-23,Mon,@,GNB,L,0,34,,15,30,50.0,129,0,4.3,2.8,47.8,3,24,20,67,0,3.4,53,196,3.7,0,0,0,0,4,159,9,3,2,14,4,11,0,2,7,40,1,1,2,22:47,NOR
15,16.0,16.0,17.0,2024-12-29,Sun,,LVR,L,10,25,,20,36,55.6,188,1,5.2,3.28,56.2,4,30,13,81,0,6.2,53,269,5.08,1,1,1,1,7,330,8,4,1,13,1,10,1,1,10,85,0,2,2,22:10,NOR
16,17.0,17.0,18.0,2025-01-05,Sun,@,TAM,L,19,27,,26,42,61.9,228,1,5.4,5.9,84.2,2,12,19,64,0,3.4,63,292,4.63,4,4,1,1,3,131,14,4,1,19,3,13,2,3,8,77,0,0,0,27:44,NOR
17,,,,,,,,5-12,338,398,,340,551,61.7,3488,21,6.3,6.11,83.5,37,242,444,1954,15,4.4,1032,5442,5.27,31,27,33,31,75,3303,167,111,26,304,76,216,15,27,110,1003,7,12,19,478:22,NOR
0,1.0,1.0,1.0,2024-09-08,Sun,@,DET,L,20,26,OT,34,49,69.4,304,1,6.2,5.69,84.1,2,13,23,83,1,3.6,74,387,5.23,2,2,2,2,3,141,15,8,3,26,5,12,1,2,6,50,0,1,1,34:56,LAR
1,2.0,2.0,2.0,2024-09-15,Sun,@,ARI,L,10,41,,19,27,70.4,192,0,7.1,7.11,90.4,5,24,20,53,1,2.7,52,245,4.71,1,1,1,1,4,215,9,4,1,14,2,11,1,3,2,10,1,0,1,23:06,LAR
2,3.0,3.0,3.0,2024-09-22,Sun,,SFO,W,27,24,,16,26,61.5,198,1,7.6,8.38,97.9,3,23,26,98,2,3.8,55,296,5.38,2,2,3,3,3,127,8,8,3,19,5,12,2,2,8,75,0,0,0,26:33,LAR
3,4.0,4.0,4.0,2024-09-29,Sun,@,CHI,L,18,24,,20,29,69.0,203,0,7.0,5.45,74.4,3,21,26,119,1,4.6,58,322,5.55,5,4,0,0,1,67,11,8,2,21,5,11,0,0,6,44,1,1,2,31:02,LAR
4,5.0,5.0,5.0,2024-10-06,Sun,,GNB,L,19,24,,29,45,64.4,236,1,5.2,4.69,75.8,3,24,28,134,1,4.8,76,370,4.87,0,0,2,1,3,129,11,12,1,24,8,16,2,4,5,30,1,1,2,32:41,LAR
5,6.0,6.0,7.0,2024-10-20,Sun,,LVR,W,20,15,,14,23,60.9,144,0,6.3,4.3,60.8,1,10,28,115,2,4.1,52,259,4.98,1,0,3,2,6,261,6,7,2,15,2,10,0,1,3,28,0,1,1,26:12,LAR
6,7.0,7.0,8.0,2024-10-24,Thu,,MIN,W,30,20,,25,34,73.5,279,4,8.2,9.24,124.5,0,0,32,107,0,3.3,66,386,5.85,0,0,4,4,3,128,16,5,5,26,4,10,1,1,6,40,0,1,1,33:37,LAR
7,8.0,8.0,9.0,2024-11-03,Sun,@,SEA,W,26,20,OT,25,44,56.8,298,2,6.8,6.66,83.3,0,0,24,68,0,2.8,68,366,5.38,2,2,2,2,8,281,13,4,5,22,3,13,0,0,8,83,0,1,1,32:10,LAR
8,9.0,9.0,10.0,2024-11-11,Mon,,MIA,L,15,23,,32,46,69.6,257,0,5.6,4.61,74.3,4,36,18,70,0,3.9,68,327,4.81,6,5,0,0,3,148,16,4,0,20,3,12,0,0,6,64,1,1,2,30:12,LAR
9,10.0,10.0,11.0,2024-11-17,Sun,@,NWE,W,28,22,,18,27,66.7,295,4,10.9,13.89,142.7,0,0,24,107,0,4.5,51,402,7.88,1,0,4,4,4,138,13,5,1,19,2,8,1,1,7,66,0,0,0,22:40,LAR
10,11.0,11.0,12.0,2024-11-24,Sun,,PHI,L,20,37,,24,36,66.7,198,2,5.5,6.61,99.1,5,45,18,92,1,5.1,59,290,4.92,1,0,2,2,4,159,13,8,2,23,0,8,3,3,4,38,1,0,1,26:19,LAR
11,12.0,12.0,13.0,2024-12-01,Sun,@,NOR,W,21,14,,14,24,58.3,166,2,6.9,8.58,107.3,2,17,29,156,1,5.4,55,322,5.85,0,0,3,3,3,116,9,12,1,22,4,9,1,2,3,30,0,0,0,27:23,LAR
12,13.0,13.0,14.0,2024-12-08,Sun,,BUF,W,44,42,,23,30,76.7,320,2,10.7,12.0,132.6,0,0,42,137,3,3.3,72,457,6.35,1,1,6,5,2,95,15,10,3,28,11,15,1,1,9,99,0,0,0,38:30,LAR
13,14.0,14.0,15.0,2024-12-12,Thu,@,SFO,W,12,6,,16,27,59.3,160,0,5.9,5.93,76.2,0,0,38,142,0,3.7,65,302,4.65,4,4,0,0,6,325,6,8,0,14,4,15,1,1,4,40,0,0,0,35:04,LAR
14,15.0,15.0,16.0,2024-12-22,Sun,@,NYJ,W,19,9,,14,19,73.7,110,1,5.8,4.47,83.2,0,0,31,132,1,4.3,50,242,4.84,2,2,2,1,2,79,7,9,1,17,5,10,0,0,5,45,0,1,1,27:55,LAR
15,16.0,16.0,17.0,2024-12-28,Sat,,ARI,W,13,9,,17,32,53.1,189,0,5.9,5.91,71.0,0,0,22,68,1,3.1,54,257,4.76,2,2,1,1,6,299,8,4,0,12,6,15,0,0,7,46,0,0,0,23:05,LAR
16,17.0,17.0,18.0,2025-01-05,Sun,,SEA,L,25,30,,27,41,65.9,319,2,7.8,7.66,95.5,3,15,21,84,0,4.0,65,403,6.2,4,4,1,1,2,103,16,3,1,20,5,14,2,3,2,10,0,1,1,31:10,LAR
17,,,,,,,,10-7,367,386,,367,559,65.7,3868,22,6.9,6.98,92.0,31,228,450,1765,15,3.9,1040,5633,5.42,34,29,36,32,63,2811,192,119,31,342,74,201,16,24,91,798,5,9,14,502:35,LAR
0,1.0,1.0,1.0,2024-09-08,Sun,,DEN,W,26,20,,18,25,72.0,158,1,6.3,5.32,85.1,2,13,33,146,2,4.4,60,304,5.07,2,2,2,2,5,241,11,5,3,19,4,12,0,0,6,41,1,1,2,28:46,SEA
1,2.0,2.0,2.0,2024-09-15,Sun,@,NWE,W,23,20,OT,33,44,75.0,312,1,7.1,7.55,101.7,3,15,19,46,1,2.4,66,358,5.42,3,3,2,2,5,269,11,5,2,18,7,15,1,2,6,50,0,0,0,29:41,SEA
2,3.0,3.0,3.0,2024-09-22,Sun,,MIA,W,24,3,,26,34,76.5,270,1,7.9,5.88,84.2,3,19,23,100,2,4.3,60,370,6.17,2,1,3,3,4,195,13,7,1,21,3,11,0,0,11,92,0,2,2,31:28,SEA
3,4.0,4.0,4.0,2024-09-30,Mon,@,DET,L,29,42,,38,56,67.9,383,1,6.8,6.39,85.6,3,12,19,133,3,7.0,78,516,6.62,1,0,3,3,3,133,22,10,6,38,5,10,1,2,8,70,1,1,2,34:04,SEA
4,5.0,5.0,5.0,2024-10-06,Sun,,NYG,L,20,29,,28,40,70.0,231,1,5.8,6.28,92.8,7,53,11,102,0,9.3,58,333,5.74,3,2,2,2,4,193,14,3,0,17,3,11,0,2,6,30,1,0,1,22:38,SEA
5,6.0,6.0,6.0,2024-10-10,Thu,,SFO,L,24,36,,30,52,57.7,306,1,5.9,4.54,65.1,1,6,20,52,1,2.6,73,358,4.9,1,1,3,3,4,216,18,3,1,22,7,16,2,3,9,69,1,2,3,26:57,SEA
6,7.0,7.0,7.0,2024-10-20,Sun,@,ATL,W,34,14,,19,29,65.5,236,2,8.1,9.52,113.6,1,6,26,103,1,4.0,56,339,6.05,2,2,4,4,4,156,12,5,3,20,4,11,1,1,5,42,0,0,0,28:52,SEA
7,8.0,8.0,8.0,2024-10-27,Sun,,BUF,L,10,31,,21,29,72.4,201,0,6.9,5.38,76.9,1,11,17,32,1,1.9,47,233,4.96,1,1,1,1,4,245,13,2,2,17,1,7,0,1,11,82,1,1,2,21:57,SEA
8,9.0,9.0,9.0,2024-11-03,Sun,,LAR,L,20,26,OT,21,34,61.8,317,3,9.3,7.12,85.0,7,46,33,107,0,3.2,74,424,5.73,0,0,3,2,7,330,14,4,2,20,4,15,2,3,12,95,0,3,3,32:53,SEA
9,10.0,10.0,11.0,2024-11-17,Sun,@,SFO,W,20,17,,25,32,78.1,195,0,6.1,4.69,79.0,4,26,23,94,2,4.1,59,289,4.9,2,2,2,2,2,97,10,8,1,19,6,13,1,2,4,20,0,1,1,26:35,SEA
10,11.0,11.0,12.0,2024-11-24,Sun,,ARI,W,16,6,,22,31,71.0,220,1,7.1,6.29,88.1,5,34,25,65,0,2.6,61,285,4.67,1,1,2,1,5,218,12,4,1,17,7,14,0,0,5,51,0,1,1,33:13,SEA
11,12.0,12.0,13.0,2024-12-01,Sun,@,NYJ,W,26,21,,20,31,64.5,175,1,5.6,6.29,90.1,3,31,23,84,1,3.7,57,259,4.54,2,2,3,2,3,141,7,5,4,16,4,13,1,2,5,50,2,0,2,31:21,SEA
12,13.0,13.0,14.0,2024-12-08,Sun,@,ARI,W,30,18,,24,30,80.0,233,1,7.8,8.43,110.1,0,0,31,176,2,5.7,61,409,6.7,3,3,3,3,5,265,10,8,0,18,7,15,0,0,9,62,0,0,0,33:02,SEA
13,14.0,14.0,15.0,2024-12-15,Sun,,GNB,L,13,30,,20,33,60.6,128,0,3.9,1.15,43.5,7,45,16,80,1,5.0,56,208,3.71,2,2,1,1,6,279,7,5,2,14,4,13,0,0,5,108,0,2,2,27:02,SEA
14,15.0,15.0,16.0,2024-12-22,Sun,,MIN,L,24,27,,31,43,72.1,302,3,7.0,6.33,95.3,2,12,15,59,0,3.9,60,361,6.02,2,1,3,3,5,262,17,4,2,23,2,10,1,1,11,77,0,2,2,29:19,SEA
15,16.0,16.0,17.0,2024-12-26,Thu,@,CHI,W,6,3,,17,23,73.9,143,0,6.2,6.22,89.6,3,17,25,122,0,4.9,51,265,5.2,2,2,0,0,6,288,7,5,0,12,5,13,0,0,3,25,1,0,1,29:40,SEA
16,17.0,17.0,18.0,2025-01-05,Sun,@,LAR,W,30,25,,20,27,74.1,210,4,7.8,10.74,135.8,2,13,24,126,0,5.3,53,336,6.34,1,1,3,3,4,228,13,5,0,18,6,11,0,0,3,23,0,0,0,28:50,SEA
17,,,,,,,,10-7,375,368,,413,593,69.6,4020,21,6.8,6.27,88.9,54,359,383,1627,17,4.2,1030,5647,5.48,30,26,40,37,76,3756,211,88,30,329,79,210,10,19,119,987,8,16,24,496:18,SEA
0,1.0,1.0,1.0,2024-09-08,Sun,@,BUF,L,28,34,,21,31,67.7,146,1,4.7,5.35,88.9,4,16,25,124,1,5.0,60,270,4.5,2,2,2,2,2,78,10,7,1,18,7,13,0,1,5,31,1,0,1,29:30,ARI
1,2.0,2.0,2.0,2024-09-15,Sun,,LAR,W,41,10,,17,21,81.0,258,3,12.3,15.14,157.4,1,8,40,231,1,5.8,62,489,7.89,2,2,5,5,1,60,9,14,1,24,7,11,0,0,5,52,1,0,1,36:54,ARI
2,3.0,3.0,3.0,2024-09-22,Sun,,DET,L,13,20,,21,34,61.8,200,1,5.9,5.15,75.6,1,7,18,77,0,4.3,53,277,5.23,2,2,1,1,5,260,10,2,5,17,1,9,0,2,4,30,0,1,1,23:11,ARI
3,4.0,4.0,4.0,2024-09-29,Sun,,WAS,L,14,42,,16,22,72.7,115,1,5.2,6.14,99.6,4,27,32,181,1,5.7,58,296,5.1,0,0,2,2,4,192,5,12,0,17,4,11,2,3,4,82,1,0,1,26:38,ARI
4,5.0,5.0,5.0,2024-10-06,Sun,@,SFO,W,24,23,,19,30,63.3,189,1,6.3,5.47,78.3,1,6,26,169,1,6.5,57,358,6.28,4,3,1,1,2,106,10,9,0,19,3,10,1,1,1,5,0,1,1,27:02,ARI
5,6.0,6.0,6.0,2024-10-13,Sun,@,GNB,L,13,34,,22,32,68.8,214,1,6.7,7.31,97.7,0,0,23,89,0,3.9,55,303,5.51,2,2,1,1,4,211,8,5,3,16,4,10,0,0,13,100,3,0,3,23:25,ARI
6,7.0,7.0,7.0,2024-10-21,Mon,,LAC,W,17,15,,14,26,53.8,145,1,5.6,4.62,67.0,0,0,29,181,1,6.2,55,326,5.93,1,1,2,2,4,178,10,10,2,22,2,7,0,1,3,15,0,1,1,25:46,ARI
7,8.0,8.0,8.0,2024-10-27,Sun,@,MIA,W,28,27,,26,36,72.2,307,2,8.5,9.64,116.3,0,0,26,82,1,3.2,62,389,6.27,2,2,2,2,3,160,15,6,1,22,7,13,0,0,4,29,0,0,0,29:29,ARI
8,9.0,9.0,9.0,2024-11-03,Sun,,CHI,W,29,9,,13,20,65.0,137,0,6.9,6.85,84.8,3,17,34,213,3,6.3,57,350,6.14,2,2,3,3,4,187,7,10,1,18,5,13,0,1,2,15,2,0,2,28:59,ARI
9,10.0,10.0,10.0,2024-11-10,Sun,,NYJ,W,31,6,,22,24,91.7,259,1,10.8,11.63,125.5,1,7,32,147,3,4.6,57,406,7.12,1,1,4,4,1,40,15,11,2,28,5,7,1,1,5,58,0,0,0,32:42,ARI
10,11.0,11.0,12.0,2024-11-24,Sun,@,SEA,L,6,16,,24,37,64.9,249,0,6.7,5.51,72.9,5,36,14,49,0,3.5,56,298,5.32,3,2,0,0,6,310,15,0,0,15,3,12,0,1,5,60,0,1,1,26:47,ARI
11,12.0,12.0,13.0,2024-12-01,Sun,@,MIN,L,22,23,,31,45,68.9,252,1,5.6,4.04,71.7,1,8,31,154,0,5.0,77,406,5.27,6,5,1,1,1,42,13,10,2,25,5,13,0,1,10,96,0,2,2,35:49,ARI
12,13.0,13.0,14.0,2024-12-08,Sun,,SEA,L,18,30,,25,38,65.8,235,2,6.2,4.87,78.3,2,24,23,121,0,5.3,63,356,5.65,2,1,1,1,4,180,14,7,0,21,4,12,1,1,6,49,0,2,2,26:58,ARI
13,14.0,14.0,15.0,2024-12-15,Sun,,NWE,W,30,17,,25,32,78.1,232,0,7.3,7.25,96.9,0,0,32,163,2,5.1,64,395,6.17,3,3,3,3,2,97,9,9,3,21,10,15,0,0,4,35,0,0,0,34:08,ARI
14,15.0,15.0,16.0,2024-12-22,Sun,@,CAR,L,30,36,OT,20,32,62.5,176,1,5.5,4.72,74.5,3,26,29,206,2,7.1,64,382,5.97,3,3,3,3,3,118,11,9,3,23,6,13,1,1,11,82,1,1,2,33:24,ARI
15,16.0,16.0,17.0,2024-12-28,Sat,@,LAR,L,9,13,,33,48,68.8,283,1,5.9,4.44,73.5,4,38,22,113,0,5.1,74,396,5.35,1,1,1,0,4,164,16,7,1,24,6,13,0,2,9,62,0,2,2,36:55,ARI
16,17.0,17.0,18.0,2025-01-05,Sun,,SFO,W,47,24,,25,35,71.4,242,4,6.9,9.2,128.5,0,0,27,151,2,5.6,62,393,6.34,2,2,5,5,4,180,14,8,4,26,4,11,2,2,1,5,0,0,0,28:09,ARI
17,,,,,,,,8-9,400,379,,374,543,68.9,3639,21,6.7,6.56,91.9,30,220,463,2451,18,5.3,1036,6090,5.88,38,34,37,36,54,2563,191,136,29,356,83,193,8,18,92,806,9,11,20,505:46,ARI
0,1.0,1.0,1.0,2024-09-09,Mon,,NYJ,W,32,19,,19,29,65.5,221,0,7.6,7.62,88.4,3,10,38,180,2,4.7,70,401,5.73,6,6,2,2,1,58,12,10,2,24,6,13,0,0,4,40,0,0,0,38:40,SFO
1,2.0,2.0,2.0,2024-09-15,Sun,@,MIN,L,17,23,,28,36,77.8,294,1,8.2,7.47,98.4,6,25,25,102,1,4.1,67,396,5.91,1,1,2,2,3,99,17,5,2,24,2,10,1,3,4,30,1,1,2,34:48,SFO
2,3.0,3.0,3.0,2024-09-22,Sun,@,LAR,L,24,27,,22,30,73.3,288,3,9.6,11.6,136.5,1,4,34,137,0,4.0,65,425,6.54,2,1,3,3,2,90,13,8,4,25,6,11,1,1,7,111,1,0,1,33:27,SFO
3,4.0,4.0,4.0,2024-09-29,Sun,,NWE,W,30,13,,15,27,55.6,283,1,10.5,9.56,89.0,1,5,32,148,1,4.6,60,431,7.18,3,3,3,3,3,133,12,6,1,19,7,13,0,0,6,43,1,1,2,31:35,SFO
4,5.0,5.0,5.0,2024-10-06,Sun,,ARI,L,23,24,,19,35,54.3,231,1,6.6,4.6,60.5,2,13,26,153,0,5.9,63,384,6.1,3,3,2,2,1,41,13,9,0,22,6,11,0,1,4,21,1,2,3,32:58,SFO
5,6.0,6.0,6.0,2024-10-10,Thu,@,SEA,W,36,24,,18,28,64.3,255,3,9.1,11.25,129.3,0,0,33,228,1,6.9,61,483,7.92,3,3,3,3,4,173,10,9,2,21,5,12,0,0,5,34,0,0,0,33:03,SFO
6,7.0,7.0,7.0,2024-10-20,Sun,,KAN,L,18,28,,17,31,54.8,209,0,6.7,2.39,36.3,1,3,24,101,2,4.2,56,310,5.54,2,2,1,0,4,193,8,7,4,19,2,11,1,1,6,40,0,3,3,24:56,SFO
7,8.0,8.0,8.0,2024-10-27,Sun,,DAL,W,30,24,,18,26,69.2,246,1,9.5,10.23,112.0,2,14,36,223,2,6.2,64,469,7.33,3,3,3,3,4,172,9,10,0,19,8,16,0,1,9,73,0,0,0,33:12,SFO
8,9.0,9.0,10.0,2024-11-10,Sun,@,TAM,W,23,20,,25,36,69.4,338,2,9.4,10.5,117.6,3,15,22,75,0,3.4,61,413,6.77,6,3,2,2,1,35,17,3,4,24,5,11,0,0,6,49,1,0,1,31:48,SFO
9,10.0,10.0,11.0,2024-11-17,Sun,,SEA,L,17,20,,21,28,75.0,146,1,5.2,4.32,83.3,2,13,27,131,1,4.9,57,277,4.86,1,1,2,2,3,123,10,9,2,21,7,11,0,0,9,54,0,1,1,33:25,SFO
10,11.0,11.0,12.0,2024-11-24,Sun,@,GNB,L,10,38,,17,29,58.6,197,1,6.8,5.93,76.4,2,2,16,44,0,2.8,47,241,5.13,1,1,1,1,3,147,8,3,0,11,3,10,0,2,9,77,2,1,3,23:17,SFO
11,12.0,12.0,13.0,2024-12-01,Sun,@,BUF,L,10,35,,11,18,61.1,86,0,4.8,4.78,72.9,2,8,27,153,1,5.7,47,239,5.09,3,1,1,1,3,124,4,10,1,15,3,10,1,1,2,10,3,0,3,26:33,SFO
12,13.0,13.0,14.0,2024-12-08,Sun,,CHI,W,38,13,,20,26,76.9,321,2,12.3,12.15,127.2,1,4,34,131,3,3.9,61,452,7.41,1,1,5,5,2,92,13,8,1,22,6,12,2,2,7,31,0,1,1,31:48,SFO
13,14.0,14.0,15.0,2024-12-12,Thu,,LAR,L,6,12,,14,31,45.2,128,0,4.1,2.68,43.5,3,14,19,63,0,3.3,53,191,3.6,2,2,0,0,7,316,7,4,0,11,3,12,0,0,4,25,0,1,1,24:56,SFO
14,15.0,15.0,16.0,2024-12-22,Sun,@,MIA,L,17,29,,26,40,65.0,293,2,7.3,7.2,93.0,3,20,18,81,0,4.5,61,374,6.13,2,1,2,2,4,180,16,3,1,20,5,13,0,1,11,90,0,1,1,26:54,SFO
15,16.0,16.0,17.0,2024-12-30,Mon,,DET,L,34,40,,30,40,75.0,400,3,10.0,9.25,110.4,2,12,18,75,2,4.2,60,475,7.92,2,0,5,4,0,0,19,7,3,29,5,8,1,1,5,30,0,2,2,25:08,SFO
16,17.0,17.0,18.0,2025-01-05,Sun,@,ARI,L,24,47,,29,43,67.4,298,2,6.9,5.77,83.3,2,28,28,138,1,4.9,73,436,5.97,2,1,3,3,2,100,16,9,1,26,5,13,1,2,13,85,1,2,3,31:51,SFO
17,,,,,,,,6-11,389,436,,349,533,65.5,4234,23,7.9,7.46,91.6,36,190,457,2163,17,4.7,1026,6397,6.23,43,33,40,38,47,2076,204,120,28,352,84,197,8,16,111,843,11,16,27,518:19,SFO
